ZIP Code,Measure Names,Measure Values
28909,Deaths,0
28906,Deaths,9
28905,Deaths,1
28904,Deaths,5
28902,Deaths,0
28901,Deaths,5
28806,Deaths,34
28805,Deaths,14
28804,Deaths,9
28803,Deaths,16
28801,Deaths,8
28792,Deaths,46
28791,Deaths,16
28790,Deaths,0
28789,Deaths,1
28787,Deaths,1
28786,Deaths,8
28785,Deaths,0
28783,Deaths,2
28782,Deaths,5
28781,Deaths,0
28779,Deaths,2
28778,Deaths,3
28777,Deaths,8
28775,Deaths,0
28774,Deaths,0
28773,Deaths,4
28772,Deaths,0
28771,Deaths,11
28768,Deaths,0
28766,Deaths,0
28763,Deaths,1
28762,Deaths,2
28761,Deaths,10
28759,Deaths,4
28757,Deaths,0
28756,Deaths,0
28754,Deaths,17
28753,Deaths,0
28752,Deaths,23
28751,Deaths,3
28749,Deaths,0
28748,Deaths,5
28747,Deaths,1
28746,Deaths,2
28745,Deaths,0
28743,Deaths,0
28742,Deaths,0
28741,Deaths,1
28740,Deaths,0
28739,Deaths,7
28736,Deaths,0
28735,Deaths,0
28734,Deaths,6
28733,Deaths,0
28732,Deaths,0
28731,Deaths,8
28730,Deaths,2
28729,Deaths,0
28726,Deaths,3
28725,Deaths,0
28723,Deaths,0
28722,Deaths,4
28721,Deaths,3
28720,Deaths,0
28719,Deaths,6
28718,Deaths,0
28717,Deaths,3
28716,Deaths,36
28715,Deaths,5
28714,Deaths,4
28713,Deaths,1
28712,Deaths,9
28711,Deaths,23
28709,Deaths,1
28708,Deaths,0
28705,Deaths,0
28704,Deaths,9
28702,Deaths,0
28701,Deaths,0
28698,Deaths,0
28697,Deaths,21
28694,Deaths,2
28693,Deaths,0
28692,Deaths,0
28690,Deaths,8
28689,Deaths,0
28685,Deaths,0
28684,Deaths,1
28683,Deaths,1
28682,Deaths,0
28681,Deaths,12
28679,Deaths,0
28678,Deaths,0
28677,Deaths,12
28676,Deaths,1
28675,Deaths,1
28673,Deaths,3
28672,Deaths,0
28670,Deaths,2
28669,Deaths,0
28668,Deaths,0
28667,Deaths,0
28665,Deaths,1
28663,Deaths,0
28660,Deaths,0
28659,Deaths,19
28658,Deaths,20
28657,Deaths,12
28655,Deaths,33
28654,Deaths,2
28651,Deaths,5
28650,Deaths,4
28649,Deaths,0
28646,Deaths,0
28645,Deaths,18
28644,Deaths,0
28643,Deaths,0
28642,Deaths,3
28640,Deaths,1
28638,Deaths,0
28637,Deaths,2
28636,Deaths,5
28635,Deaths,4
28634,Deaths,1
28631,Deaths,0
28630,Deaths,7
28629,Deaths,0
28627,Deaths,0
28626,Deaths,0
28625,Deaths,30
28624,Deaths,1
28623,Deaths,0
28622,Deaths,0
28621,Deaths,13
28618,Deaths,0
28617,Deaths,0
28615,Deaths,0
28613,Deaths,18
28612,Deaths,18
28611,Deaths,0
28610,Deaths,1
28609,Deaths,2
28608,Deaths,0
28607,Deaths,6
28606,Deaths,0
28605,Deaths,1
28604,Deaths,1
28602,Deaths,34
28601,Deaths,30
28594,Deaths,2
28590,Deaths,11
28587,Deaths,0
28586,Deaths,4
28585,Deaths,3
28584,Deaths,3
28583,Deaths,0
28582,Deaths,1
28581,Deaths,0
28580,Deaths,24
28579,Deaths,0
28578,Deaths,4
28577,Deaths,0
28574,Deaths,5
28573,Deaths,12
28572,Deaths,3
28571,Deaths,0
28570,Deaths,2
28562,Deaths,25
28561,Deaths,0
28560,Deaths,39
28557,Deaths,4
28556,Deaths,1
28555,Deaths,0
28553,Deaths,0
28552,Deaths,0
28551,Deaths,7
28547,Deaths,0
28546,Deaths,13
28545,Deaths,0
28544,Deaths,2
28543,Deaths,2
28542,Deaths,0
28540,Deaths,13
28539,Deaths,5
28538,Deaths,1
28537,Deaths,0
28533,Deaths,0
28532,Deaths,6
28531,Deaths,0
28530,Deaths,3
28529,Deaths,0
28528,Deaths,0
28527,Deaths,1
28526,Deaths,0
28525,Deaths,3
28524,Deaths,0
28523,Deaths,3
28521,Deaths,2
28520,Deaths,0
28519,Deaths,0
28518,Deaths,3
28516,Deaths,3
28515,Deaths,2
28513,Deaths,2
28512,Deaths,3
28511,Deaths,0
28510,Deaths,0
28508,Deaths,4
28504,Deaths,27
28501,Deaths,16
28480,Deaths,0
28479,Deaths,4
28478,Deaths,1
28472,Deaths,19
28470,Deaths,18
28469,Deaths,4
28468,Deaths,3
28467,Deaths,6
28466,Deaths,8
28465,Deaths,1
28464,Deaths,2
28463,Deaths,22
28462,Deaths,6
28461,Deaths,3
28460,Deaths,1
28458,Deaths,7
28457,Deaths,5
28456,Deaths,3
28455,Deaths,2
28454,Deaths,2
28453,Deaths,6
28452,Deaths,1
28451,Deaths,7
28450,Deaths,6
28449,Deaths,0
28448,Deaths,1
28447,Deaths,0
28445,Deaths,4
28444,Deaths,0
28443,Deaths,4
28442,Deaths,2
28441,Deaths,3
28439,Deaths,5
28438,Deaths,2
28436,Deaths,0
28435,Deaths,1
28434,Deaths,1
28433,Deaths,1
28432,Deaths,2
28431,Deaths,8
28430,Deaths,1
28429,Deaths,1
28428,Deaths,0
28425,Deaths,7
28423,Deaths,2
28422,Deaths,7
28421,Deaths,1
28420,Deaths,3
28412,Deaths,13
28411,Deaths,12
28409,Deaths,8
28405,Deaths,11
28403,Deaths,4
28401,Deaths,17
28399,Deaths,1
28398,Deaths,13
28396,Deaths,3
28395,Deaths,0
28394,Deaths,2
28393,Deaths,1
28392,Deaths,1
28391,Deaths,1
28390,Deaths,6
28387,Deaths,17
28386,Deaths,8
28385,Deaths,1
28384,Deaths,7
28383,Deaths,3
28382,Deaths,5
28379,Deaths,27
28377,Deaths,17
28376,Deaths,29
28375,Deaths,0
28374,Deaths,12
28373,Deaths,1
28372,Deaths,7
28371,Deaths,3
28369,Deaths,1
28366,Deaths,4
28365,Deaths,22
28364,Deaths,8
28363,Deaths,1
28360,Deaths,10
28358,Deaths,37
28357,Deaths,1
28356,Deaths,3
28352,Deaths,38
28351,Deaths,1
28350,Deaths,0
28349,Deaths,13
28348,Deaths,13
28347,Deaths,0
28345,Deaths,10
28344,Deaths,2
28343,Deaths,2
28341,Deaths,2
28340,Deaths,19
28339,Deaths,6
28338,Deaths,5
28337,Deaths,9
28334,Deaths,16
28333,Deaths,10
28328,Deaths,33
28327,Deaths,15
28326,Deaths,2
28323,Deaths,0
28320,Deaths,2
28318,Deaths,1
28315,Deaths,10
28314,Deaths,11
28312,Deaths,5
28311,Deaths,9
28310,Deaths,0
28308,Deaths,0
28307,Deaths,0
28306,Deaths,7
28305,Deaths,2
28304,Deaths,15
28303,Deaths,10
28301,Deaths,40
28278,Deaths,2
28277,Deaths,12
28273,Deaths,22
28270,Deaths,15
28269,Deaths,26
28262,Deaths,15
28253,Deaths,0
28227,Deaths,22
28226,Deaths,23
28223,Deaths,0
28217,Deaths,6
28216,Deaths,29
28215,Deaths,29
28214,Deaths,12
28213,Deaths,21
28212,Deaths,24
28211,Deaths,29
28210,Deaths,25
28209,Deaths,5
28208,Deaths,18
28207,Deaths,3
28206,Deaths,5
28205,Deaths,36
28204,Deaths,3
28203,Deaths,3
28202,Deaths,0
28174,Deaths,3
28173,Deaths,8
28170,Deaths,12
28168,Deaths,6
28167,Deaths,1
28166,Deaths,4
28164,Deaths,29
28163,Deaths,1
28160,Deaths,5
28159,Deaths,1
28152,Deaths,14
28150,Deaths,52
28147,Deaths,61
28146,Deaths,19
28144,Deaths,35
28139,Deaths,43
28138,Deaths,10
28137,Deaths,1
28135,Deaths,3
28134,Deaths,13
28133,Deaths,0
28129,Deaths,4
28128,Deaths,5
28127,Deaths,6
28125,Deaths,0
28124,Deaths,4
28120,Deaths,11
28119,Deaths,3
28117,Deaths,6
28115,Deaths,8
28114,Deaths,2
28112,Deaths,17
28110,Deaths,32
28107,Deaths,6
28105,Deaths,45
28104,Deaths,8
28103,Deaths,3
28101,Deaths,0
28098,Deaths,1
28097,Deaths,0
28092,Deaths,11
28091,Deaths,0
28090,Deaths,6
28088,Deaths,1
28086,Deaths,39
28083,Deaths,23
28081,Deaths,13
28080,Deaths,2
28079,Deaths,12
28078,Deaths,19
28077,Deaths,0
28075,Deaths,7
28073,Deaths,5
28071,Deaths,2
28056,Deaths,14
28054,Deaths,37
28052,Deaths,44
28043,Deaths,20
28040,Deaths,4
28039,Deaths,0
28037,Deaths,2
28036,Deaths,8
28034,Deaths,16
28033,Deaths,2
28032,Deaths,0
28031,Deaths,17
28027,Deaths,34
28025,Deaths,25
28023,Deaths,2
28021,Deaths,21
28020,Deaths,0
28018,Deaths,1
28016,Deaths,6
28012,Deaths,8
28006,Deaths,0
28001,Deaths,60
27986,Deaths,2
27983,Deaths,17
27982,Deaths,0
27981,Deaths,0
27980,Deaths,2
27979,Deaths,0
27978,Deaths,0
27976,Deaths,0
27974,Deaths,0
27973,Deaths,0
27972,Deaths,0
27970,Deaths,4
27969,Deaths,0
27968,Deaths,0
27966,Deaths,0
27965,Deaths,0
27964,Deaths,0
27962,Deaths,3
27960,Deaths,0
27959,Deaths,1
27958,Deaths,5
27957,Deaths,2
27956,Deaths,0
27954,Deaths,1
27953,Deaths,0
27950,Deaths,0
27949,Deaths,0
27948,Deaths,0
27947,Deaths,0
27946,Deaths,0
27944,Deaths,2
27943,Deaths,0
27942,Deaths,0
27941,Deaths,0
27939,Deaths,0
27938,Deaths,4
27937,Deaths,1
27936,Deaths,1
27935,Deaths,4
27932,Deaths,18
27929,Deaths,0
27928,Deaths,1
27927,Deaths,0
27926,Deaths,1
27925,Deaths,3
27924,Deaths,3
27923,Deaths,0
27922,Deaths,2
27921,Deaths,4
27920,Deaths,0
27919,Deaths,1
27917,Deaths,1
27916,Deaths,0
27915,Deaths,0
27910,Deaths,36
27909,Deaths,36
27897,Deaths,1
27896,Deaths,23
27893,Deaths,53
27892,Deaths,12
27891,Deaths,7
27890,Deaths,3
27889,Deaths,47
27888,Deaths,0
27886,Deaths,53
27885,Deaths,3
27884,Deaths,0
27883,Deaths,2
27882,Deaths,6
27881,Deaths,0
27880,Deaths,0
27876,Deaths,1
27875,Deaths,0
27874,Deaths,6
27872,Deaths,0
27871,Deaths,3
27870,Deaths,21
27869,Deaths,12
27866,Deaths,1
27865,Deaths,1
27864,Deaths,2
27863,Deaths,8
27862,Deaths,1
27860,Deaths,1
27858,Deaths,13
27857,Deaths,3
27856,Deaths,14
27855,Deaths,2
27853,Deaths,0
27852,Deaths,1
27851,Deaths,2
27850,Deaths,2
27849,Deaths,2
27847,Deaths,0
27846,Deaths,1
27845,Deaths,2
27844,Deaths,1
27843,Deaths,1
27842,Deaths,0
27841,Deaths,0
27840,Deaths,2
27839,Deaths,2
27837,Deaths,2
27834,Deaths,22
27832,Deaths,5
27831,Deaths,2
27830,Deaths,3
27829,Deaths,1
27828,Deaths,5
27827,Deaths,0
27826,Deaths,2
27824,Deaths,0
27823,Deaths,5
27822,Deaths,4
27821,Deaths,0
27820,Deaths,2
27818,Deaths,0
27817,Deaths,2
27816,Deaths,0
27814,Deaths,1
27813,Deaths,0
27812,Deaths,1
27810,Deaths,1
27809,Deaths,3
27808,Deaths,1
27807,Deaths,5
27806,Deaths,2
27805,Deaths,1
27804,Deaths,63
27803,Deaths,12
27801,Deaths,17
27713,Deaths,13
27712,Deaths,23
27711,Deaths,0
27710,Deaths,0
27709,Deaths,0
27708,Deaths,0
27707,Deaths,6
27706,Deaths,0
27705,Deaths,49
27704,Deaths,23
27703,Deaths,14
27701,Deaths,10
27617,Deaths,2
27616,Deaths,7
27615,Deaths,31
27614,Deaths,11
27613,Deaths,8
27612,Deaths,14
27610,Deaths,48
27609,Deaths,14
27608,Deaths,1
27607,Deaths,4
27606,Deaths,4
27605,Deaths,3
27604,Deaths,34
27603,Deaths,8
27601,Deaths,2
27599,Deaths,0
27597,Deaths,6
27596,Deaths,3
27592,Deaths,1
27591,Deaths,5
27589,Deaths,4
27587,Deaths,38
27583,Deaths,2
27581,Deaths,0
27577,Deaths,10
27576,Deaths,11
27574,Deaths,0
27573,Deaths,11
27572,Deaths,1
27571,Deaths,0
27569,Deaths,0
27565,Deaths,29
27563,Deaths,2
27562,Deaths,0
27560,Deaths,4
27559,Deaths,0
27557,Deaths,2
27556,Deaths,0
27553,Deaths,0
27551,Deaths,2
27549,Deaths,28
27546,Deaths,40
27545,Deaths,22
27544,Deaths,1
27542,Deaths,5
27541,Deaths,1
27540,Deaths,3
27539,Deaths,3
27537,Deaths,26
27536,Deaths,33
27534,Deaths,37
27531,Deaths,0
27530,Deaths,43
27529,Deaths,33
27527,Deaths,1
27526,Deaths,19
27525,Deaths,2
27524,Deaths,5
27523,Deaths,0
27522,Deaths,3
27521,Deaths,5
27520,Deaths,35
27519,Deaths,4
27518,Deaths,1
27517,Deaths,8
27516,Deaths,12
27514,Deaths,21
27513,Deaths,4
27511,Deaths,5
27510,Deaths,6
27509,Deaths,31
27508,Deaths,0
27507,Deaths,2
27505,Deaths,5
27504,Deaths,8
27503,Deaths,0
27502,Deaths,4
27501,Deaths,5
27498,Deaths,0
27455,Deaths,21
27412,Deaths,0
27411,Deaths,0
27410,Deaths,12
27409,Deaths,7
27408,Deaths,2
27407,Deaths,24
27406,Deaths,57
27405,Deaths,23
27403,Deaths,10
27401,Deaths,12
27379,Deaths,3
27377,Deaths,1
27376,Deaths,6
27371,Deaths,3
27370,Deaths,10
27360,Deaths,20
27358,Deaths,1
27357,Deaths,3
27356,Deaths,2
27355,Deaths,0
27350,Deaths,3
27349,Deaths,1
27344,Deaths,23
27343,Deaths,0
27341,Deaths,0
27340,Deaths,0
27332,Deaths,13
27330,Deaths,24
27326,Deaths,2
27325,Deaths,2
27320,Deaths,10
27317,Deaths,8
27316,Deaths,12
27315,Deaths,0
27314,Deaths,1
27313,Deaths,18
27312,Deaths,23
27311,Deaths,0
27310,Deaths,2
27306,Deaths,8
27305,Deaths,1
27302,Deaths,0
27301,Deaths,3
27299,Deaths,0
27298,Deaths,1
27295,Deaths,21
27292,Deaths,10
27291,Deaths,0
27288,Deaths,8
27284,Deaths,31
27283,Deaths,1
27282,Deaths,7
27281,Deaths,0
27278,Deaths,3
27268,Deaths,0
27265,Deaths,30
27263,Deaths,18
27262,Deaths,12
27260,Deaths,18
27258,Deaths,3
27253,Deaths,25
27252,Deaths,1
27249,Deaths,3
27248,Deaths,3
27244,Deaths,7
27243,Deaths,1
27242,Deaths,0
27239,Deaths,5
27235,Deaths,1
27233,Deaths,1
27231,Deaths,0
27229,Deaths,8
27217,Deaths,55
27215,Deaths,21
27214,Deaths,1
27212,Deaths,0
27209,Deaths,23
27208,Deaths,0
27207,Deaths,2
27205,Deaths,21
27203,Deaths,25
27157,Deaths,0
27127,Deaths,14
27107,Deaths,20
27106,Deaths,16
27105,Deaths,18
27104,Deaths,16
27103,Deaths,19
27101,Deaths,25
27055,Deaths,7
27054,Deaths,1
27053,Deaths,1
27052,Deaths,8
27051,Deaths,3
27050,Deaths,1
27048,Deaths,1
27047,Deaths,0
27046,Deaths,1
27045,Deaths,3
27043,Deaths,2
27042,Deaths,1
27041,Deaths,4
27040,Deaths,1
27030,Deaths,28
27028,Deaths,10
27027,Deaths,0
27025,Deaths,3
27024,Deaths,3
27023,Deaths,2
27022,Deaths,1
27021,Deaths,8
27020,Deaths,4
27019,Deaths,1
27018,Deaths,3
27017,Deaths,3
27016,Deaths,0
27014,Deaths,0
27013,Deaths,4
27012,Deaths,19
27011,Deaths,4
27009,Deaths,1
27007,Deaths,0
27006,Deaths,3
28909,"Cases Per 100,000 Residents",2341
28906,"Cases Per 100,000 Residents",3193
28905,"Cases Per 100,000 Residents",2649
28904,"Cases Per 100,000 Residents",2653
28902,"Cases Per 100,000 Residents",2881
28901,"Cases Per 100,000 Residents",4189
28806,"Cases Per 100,000 Residents",2999
28805,"Cases Per 100,000 Residents",2020
28804,"Cases Per 100,000 Residents",2317
28803,"Cases Per 100,000 Residents",2324
28801,"Cases Per 100,000 Residents",2127
28792,"Cases Per 100,000 Residents",3694
28791,"Cases Per 100,000 Residents",3150
28790,"Cases Per 100,000 Residents",2464
28789,"Cases Per 100,000 Residents",2381
28787,"Cases Per 100,000 Residents",2563
28786,"Cases Per 100,000 Residents",2216
28785,"Cases Per 100,000 Residents",1805
28783,"Cases Per 100,000 Residents",2520
28782,"Cases Per 100,000 Residents",1996
28781,"Cases Per 100,000 Residents",1567
28779,"Cases Per 100,000 Residents",3208
28778,"Cases Per 100,000 Residents",2166
28777,"Cases Per 100,000 Residents",8469
28775,"Cases Per 100,000 Residents",0
28774,"Cases Per 100,000 Residents",2167
28773,"Cases Per 100,000 Residents",2423
28772,"Cases Per 100,000 Residents",1493
28771,"Cases Per 100,000 Residents",3641
28768,"Cases Per 100,000 Residents",1963
28766,"Cases Per 100,000 Residents",1704
28763,"Cases Per 100,000 Residents",1851
28762,"Cases Per 100,000 Residents",3696
28761,"Cases Per 100,000 Residents",5569
28759,"Cases Per 100,000 Residents",2479
28757,"Cases Per 100,000 Residents",
28756,"Cases Per 100,000 Residents",2537
28754,"Cases Per 100,000 Residents",3412
28753,"Cases Per 100,000 Residents",2352
28752,"Cases Per 100,000 Residents",5152
28751,"Cases Per 100,000 Residents",2916
28749,"Cases Per 100,000 Residents",
28748,"Cases Per 100,000 Residents",2089
28747,"Cases Per 100,000 Residents",1311
28746,"Cases Per 100,000 Residents",3175
28745,"Cases Per 100,000 Residents",3344
28743,"Cases Per 100,000 Residents",2106
28742,"Cases Per 100,000 Residents",2470
28741,"Cases Per 100,000 Residents",3828
28740,"Cases Per 100,000 Residents",4239
28739,"Cases Per 100,000 Residents",2046
28736,"Cases Per 100,000 Residents",3378
28735,"Cases Per 100,000 Residents",0
28734,"Cases Per 100,000 Residents",2864
28733,"Cases Per 100,000 Residents",0
28732,"Cases Per 100,000 Residents",2328
28731,"Cases Per 100,000 Residents",3797
28730,"Cases Per 100,000 Residents",1510
28729,"Cases Per 100,000 Residents",1914
28726,"Cases Per 100,000 Residents",3998
28725,"Cases Per 100,000 Residents",0
28723,"Cases Per 100,000 Residents",4804
28722,"Cases Per 100,000 Residents",3151
28721,"Cases Per 100,000 Residents",2301
28720,"Cases Per 100,000 Residents",0
28719,"Cases Per 100,000 Residents",6177
28718,"Cases Per 100,000 Residents",1318
28717,"Cases Per 100,000 Residents",5167
28716,"Cases Per 100,000 Residents",2831
28715,"Cases Per 100,000 Residents",2532
28714,"Cases Per 100,000 Residents",4037
28713,"Cases Per 100,000 Residents",2036
28712,"Cases Per 100,000 Residents",1990
28711,"Cases Per 100,000 Residents",2387
28709,"Cases Per 100,000 Residents",1906
28708,"Cases Per 100,000 Residents",1045
28705,"Cases Per 100,000 Residents",2511
28704,"Cases Per 100,000 Residents",3125
28702,"Cases Per 100,000 Residents",426
28701,"Cases Per 100,000 Residents",1884
28698,"Cases Per 100,000 Residents",3905
28697,"Cases Per 100,000 Residents",5375
28694,"Cases Per 100,000 Residents",3697
28693,"Cases Per 100,000 Residents",2953
28692,"Cases Per 100,000 Residents",2864
28690,"Cases Per 100,000 Residents",4583
28689,"Cases Per 100,000 Residents",4994
28685,"Cases Per 100,000 Residents",2778
28684,"Cases Per 100,000 Residents",1793
28683,"Cases Per 100,000 Residents",2947
28682,"Cases Per 100,000 Residents",2912
28681,"Cases Per 100,000 Residents",5390
28679,"Cases Per 100,000 Residents",2262
28678,"Cases Per 100,000 Residents",3218
28677,"Cases Per 100,000 Residents",4554
28676,"Cases Per 100,000 Residents",3630
28675,"Cases Per 100,000 Residents",4644
28673,"Cases Per 100,000 Residents",3625
28672,"Cases Per 100,000 Residents",0
28670,"Cases Per 100,000 Residents",3267
28669,"Cases Per 100,000 Residents",3383
28668,"Cases Per 100,000 Residents",0
28667,"Cases Per 100,000 Residents",0
28665,"Cases Per 100,000 Residents",3182
28663,"Cases Per 100,000 Residents",1399
28660,"Cases Per 100,000 Residents",3767
28659,"Cases Per 100,000 Residents",5321
28658,"Cases Per 100,000 Residents",5952
28657,"Cases Per 100,000 Residents",4880
28655,"Cases Per 100,000 Residents",5236
28654,"Cases Per 100,000 Residents",4316
28651,"Cases Per 100,000 Residents",3713
28650,"Cases Per 100,000 Residents",4718
28649,"Cases Per 100,000 Residents",3288
28646,"Cases Per 100,000 Residents",0
28645,"Cases Per 100,000 Residents",4973
28644,"Cases Per 100,000 Residents",2357
28643,"Cases Per 100,000 Residents",3021
28642,"Cases Per 100,000 Residents",4697
28640,"Cases Per 100,000 Residents",4724
28638,"Cases Per 100,000 Residents",5318
28637,"Cases Per 100,000 Residents",9286
28636,"Cases Per 100,000 Residents",4994
28635,"Cases Per 100,000 Residents",3795
28634,"Cases Per 100,000 Residents",3473
28631,"Cases Per 100,000 Residents",9142
28630,"Cases Per 100,000 Residents",5381
28629,"Cases Per 100,000 Residents",0
28627,"Cases Per 100,000 Residents",1499
28626,"Cases Per 100,000 Residents",1766
28625,"Cases Per 100,000 Residents",4302
28624,"Cases Per 100,000 Residents",3856
28623,"Cases Per 100,000 Residents",4487
28622,"Cases Per 100,000 Residents",4890
28621,"Cases Per 100,000 Residents",5385
28618,"Cases Per 100,000 Residents",2823
28617,"Cases Per 100,000 Residents",4162
28615,"Cases Per 100,000 Residents",2230
28613,"Cases Per 100,000 Residents",5905
28612,"Cases Per 100,000 Residents",4575
28611,"Cases Per 100,000 Residents",4397
28610,"Cases Per 100,000 Residents",4923
28609,"Cases Per 100,000 Residents",3639
28608,"Cases Per 100,000 Residents",
28607,"Cases Per 100,000 Residents",3951
28606,"Cases Per 100,000 Residents",3380
28605,"Cases Per 100,000 Residents",2438
28604,"Cases Per 100,000 Residents",2776
28602,"Cases Per 100,000 Residents",4949
28601,"Cases Per 100,000 Residents",5786
28594,"Cases Per 100,000 Residents",4269
28590,"Cases Per 100,000 Residents",4636
28587,"Cases Per 100,000 Residents",0
28586,"Cases Per 100,000 Residents",6835
28585,"Cases Per 100,000 Residents",2542
28584,"Cases Per 100,000 Residents",2781
28583,"Cases Per 100,000 Residents",
28582,"Cases Per 100,000 Residents",1645
28581,"Cases Per 100,000 Residents",0
28580,"Cases Per 100,000 Residents",5295
28579,"Cases Per 100,000 Residents",1754
28578,"Cases Per 100,000 Residents",5750
28577,"Cases Per 100,000 Residents",840
28574,"Cases Per 100,000 Residents",4056
28573,"Cases Per 100,000 Residents",4566
28572,"Cases Per 100,000 Residents",4687
28571,"Cases Per 100,000 Residents",1466
28570,"Cases Per 100,000 Residents",3218
28562,"Cases Per 100,000 Residents",3594
28561,"Cases Per 100,000 Residents",
28560,"Cases Per 100,000 Residents",3820
28557,"Cases Per 100,000 Residents",3048
28556,"Cases Per 100,000 Residents",1478
28555,"Cases Per 100,000 Residents",2871
28553,"Cases Per 100,000 Residents",1149
28552,"Cases Per 100,000 Residents",0
28551,"Cases Per 100,000 Residents",4543
28547,"Cases Per 100,000 Residents",4399
28546,"Cases Per 100,000 Residents",3293
28545,"Cases Per 100,000 Residents",1796
28544,"Cases Per 100,000 Residents",3371
28543,"Cases Per 100,000 Residents",1934
28542,"Cases Per 100,000 Residents",3563
28540,"Cases Per 100,000 Residents",3260
28539,"Cases Per 100,000 Residents",2533
28538,"Cases Per 100,000 Residents",4488
28537,"Cases Per 100,000 Residents",0
28533,"Cases Per 100,000 Residents",
28532,"Cases Per 100,000 Residents",2273
28531,"Cases Per 100,000 Residents",2900
28530,"Cases Per 100,000 Residents",4389
28529,"Cases Per 100,000 Residents",5396
28528,"Cases Per 100,000 Residents",1719
28527,"Cases Per 100,000 Residents",4530
28526,"Cases Per 100,000 Residents",3398
28525,"Cases Per 100,000 Residents",4110
28524,"Cases Per 100,000 Residents",0
28523,"Cases Per 100,000 Residents",3958
28521,"Cases Per 100,000 Residents",4958
28520,"Cases Per 100,000 Residents",0
28519,"Cases Per 100,000 Residents",0
28518,"Cases Per 100,000 Residents",4476
28516,"Cases Per 100,000 Residents",2676
28515,"Cases Per 100,000 Residents",4880
28513,"Cases Per 100,000 Residents",4222
28512,"Cases Per 100,000 Residents",2440
28511,"Cases Per 100,000 Residents",1433
28510,"Cases Per 100,000 Residents",2333
28508,"Cases Per 100,000 Residents",6133
28504,"Cases Per 100,000 Residents",5091
28501,"Cases Per 100,000 Residents",3465
28480,"Cases Per 100,000 Residents",5371
28479,"Cases Per 100,000 Residents",4124
28478,"Cases Per 100,000 Residents",3537
28472,"Cases Per 100,000 Residents",4415
28470,"Cases Per 100,000 Residents",3116
28469,"Cases Per 100,000 Residents",2780
28468,"Cases Per 100,000 Residents",2076
28467,"Cases Per 100,000 Residents",3537
28466,"Cases Per 100,000 Residents",5735
28465,"Cases Per 100,000 Residents",1690
28464,"Cases Per 100,000 Residents",6182
28463,"Cases Per 100,000 Residents",9640
28462,"Cases Per 100,000 Residents",2355
28461,"Cases Per 100,000 Residents",1589
28460,"Cases Per 100,000 Residents",3891
28458,"Cases Per 100,000 Residents",6042
28457,"Cases Per 100,000 Residents",2991
28456,"Cases Per 100,000 Residents",4823
28455,"Cases Per 100,000 Residents",4366
28454,"Cases Per 100,000 Residents",2536
28453,"Cases Per 100,000 Residents",9258
28452,"Cases Per 100,000 Residents",5653
28451,"Cases Per 100,000 Residents",2569
28450,"Cases Per 100,000 Residents",4255
28449,"Cases Per 100,000 Residents",1736
28448,"Cases Per 100,000 Residents",2796
28447,"Cases Per 100,000 Residents",6747
28445,"Cases Per 100,000 Residents",3549
28444,"Cases Per 100,000 Residents",5751
28443,"Cases Per 100,000 Residents",3078
28442,"Cases Per 100,000 Residents",4268
28441,"Cases Per 100,000 Residents",5619
28439,"Cases Per 100,000 Residents",4297
28438,"Cases Per 100,000 Residents",3969
28436,"Cases Per 100,000 Residents",3244
28435,"Cases Per 100,000 Residents",3412
28434,"Cases Per 100,000 Residents",2211
28433,"Cases Per 100,000 Residents",3134
28432,"Cases Per 100,000 Residents",5760
28431,"Cases Per 100,000 Residents",4539
28430,"Cases Per 100,000 Residents",3650
28429,"Cases Per 100,000 Residents",2669
28428,"Cases Per 100,000 Residents",2688
28425,"Cases Per 100,000 Residents",5133
28423,"Cases Per 100,000 Residents",4201
28422,"Cases Per 100,000 Residents",2108
28421,"Cases Per 100,000 Residents",2402
28420,"Cases Per 100,000 Residents",2678
28412,"Cases Per 100,000 Residents",2839
28411,"Cases Per 100,000 Residents",2844
28409,"Cases Per 100,000 Residents",2839
28405,"Cases Per 100,000 Residents",3618
28403,"Cases Per 100,000 Residents",4425
28401,"Cases Per 100,000 Residents",3948
28399,"Cases Per 100,000 Residents",4912
28398,"Cases Per 100,000 Residents",7456
28396,"Cases Per 100,000 Residents",4293
28395,"Cases Per 100,000 Residents",2747
28394,"Cases Per 100,000 Residents",2494
28393,"Cases Per 100,000 Residents",6759
28392,"Cases Per 100,000 Residents",5470
28391,"Cases Per 100,000 Residents",2816
28390,"Cases Per 100,000 Residents",2656
28387,"Cases Per 100,000 Residents",3798
28386,"Cases Per 100,000 Residents",8240
28385,"Cases Per 100,000 Residents",5524
28384,"Cases Per 100,000 Residents",5977
28383,"Cases Per 100,000 Residents",5769
28382,"Cases Per 100,000 Residents",3597
28379,"Cases Per 100,000 Residents",4464
28377,"Cases Per 100,000 Residents",6467
28376,"Cases Per 100,000 Residents",4260
28375,"Cases Per 100,000 Residents",0
28374,"Cases Per 100,000 Residents",3181
28373,"Cases Per 100,000 Residents",3331
28372,"Cases Per 100,000 Residents",6549
28371,"Cases Per 100,000 Residents",3458
28369,"Cases Per 100,000 Residents",4819
28366,"Cases Per 100,000 Residents",6909
28365,"Cases Per 100,000 Residents",6148
28364,"Cases Per 100,000 Residents",5142
28363,"Cases Per 100,000 Residents",5931
28360,"Cases Per 100,000 Residents",6377
28358,"Cases Per 100,000 Residents",5823
28357,"Cases Per 100,000 Residents",3784
28356,"Cases Per 100,000 Residents",3195
28352,"Cases Per 100,000 Residents",6763
28351,"Cases Per 100,000 Residents",3967
28350,"Cases Per 100,000 Residents",0
28349,"Cases Per 100,000 Residents",5942
28348,"Cases Per 100,000 Residents",3462
28347,"Cases Per 100,000 Residents",8488
28345,"Cases Per 100,000 Residents",5033
28344,"Cases Per 100,000 Residents",5113
28343,"Cases Per 100,000 Residents",5361
28341,"Cases Per 100,000 Residents",6713
28340,"Cases Per 100,000 Residents",5951
28339,"Cases Per 100,000 Residents",4332
28338,"Cases Per 100,000 Residents",3851
28337,"Cases Per 100,000 Residents",4242
28334,"Cases Per 100,000 Residents",5237
28333,"Cases Per 100,000 Residents",6798
28328,"Cases Per 100,000 Residents",7636
28327,"Cases Per 100,000 Residents",3530
28326,"Cases Per 100,000 Residents",2851
28323,"Cases Per 100,000 Residents",3626
28320,"Cases Per 100,000 Residents",3411
28318,"Cases Per 100,000 Residents",3931
28315,"Cases Per 100,000 Residents",4059
28314,"Cases Per 100,000 Residents",3402
28312,"Cases Per 100,000 Residents",3285
28311,"Cases Per 100,000 Residents",3149
28310,"Cases Per 100,000 Residents",5473
28308,"Cases Per 100,000 Residents",407
28307,"Cases Per 100,000 Residents",2170
28306,"Cases Per 100,000 Residents",3179
28305,"Cases Per 100,000 Residents",3234
28304,"Cases Per 100,000 Residents",2923
28303,"Cases Per 100,000 Residents",2558
28301,"Cases Per 100,000 Residents",4284
28278,"Cases Per 100,000 Residents",3980
28277,"Cases Per 100,000 Residents",2906
28273,"Cases Per 100,000 Residents",5471
28270,"Cases Per 100,000 Residents",2667
28269,"Cases Per 100,000 Residents",3969
28262,"Cases Per 100,000 Residents",4148
28253,"Cases Per 100,000 Residents",
28227,"Cases Per 100,000 Residents",4949
28226,"Cases Per 100,000 Residents",3624
28223,"Cases Per 100,000 Residents",510
28217,"Cases Per 100,000 Residents",6468
28216,"Cases Per 100,000 Residents",4659
28215,"Cases Per 100,000 Residents",5608
28214,"Cases Per 100,000 Residents",5356
28213,"Cases Per 100,000 Residents",5953
28212,"Cases Per 100,000 Residents",5956
28211,"Cases Per 100,000 Residents",3712
28210,"Cases Per 100,000 Residents",4778
28209,"Cases Per 100,000 Residents",4279
28208,"Cases Per 100,000 Residents",5150
28207,"Cases Per 100,000 Residents",3750
28206,"Cases Per 100,000 Residents",4546
28205,"Cases Per 100,000 Residents",4909
28204,"Cases Per 100,000 Residents",6100
28203,"Cases Per 100,000 Residents",5627
28202,"Cases Per 100,000 Residents",5903
28174,"Cases Per 100,000 Residents",6364
28173,"Cases Per 100,000 Residents",3279
28170,"Cases Per 100,000 Residents",4034
28168,"Cases Per 100,000 Residents",5222
28167,"Cases Per 100,000 Residents",3846
28166,"Cases Per 100,000 Residents",3587
28164,"Cases Per 100,000 Residents",4797
28163,"Cases Per 100,000 Residents",3148
28160,"Cases Per 100,000 Residents",4956
28159,"Cases Per 100,000 Residents",4575
28152,"Cases Per 100,000 Residents",4636
28150,"Cases Per 100,000 Residents",5571
28147,"Cases Per 100,000 Residents",6717
28146,"Cases Per 100,000 Residents",4150
28144,"Cases Per 100,000 Residents",4771
28139,"Cases Per 100,000 Residents",4728
28138,"Cases Per 100,000 Residents",4074
28137,"Cases Per 100,000 Residents",3799
28135,"Cases Per 100,000 Residents",4373
28134,"Cases Per 100,000 Residents",5001
28133,"Cases Per 100,000 Residents",3944
28129,"Cases Per 100,000 Residents",3830
28128,"Cases Per 100,000 Residents",4470
28127,"Cases Per 100,000 Residents",8714
28125,"Cases Per 100,000 Residents",4065
28124,"Cases Per 100,000 Residents",3478
28120,"Cases Per 100,000 Residents",4597
28119,"Cases Per 100,000 Residents",3691
28117,"Cases Per 100,000 Residents",3268
28115,"Cases Per 100,000 Residents",3253
28114,"Cases Per 100,000 Residents",3575
28112,"Cases Per 100,000 Residents",4612
28110,"Cases Per 100,000 Residents",4656
28107,"Cases Per 100,000 Residents",3825
28105,"Cases Per 100,000 Residents",3749
28104,"Cases Per 100,000 Residents",3416
28103,"Cases Per 100,000 Residents",3816
28101,"Cases Per 100,000 Residents",0
28098,"Cases Per 100,000 Residents",4589
28097,"Cases Per 100,000 Residents",4899
28092,"Cases Per 100,000 Residents",5286
28091,"Cases Per 100,000 Residents",3060
28090,"Cases Per 100,000 Residents",3962
28088,"Cases Per 100,000 Residents",4250
28086,"Cases Per 100,000 Residents",5291
28083,"Cases Per 100,000 Residents",4359
28081,"Cases Per 100,000 Residents",4184
28080,"Cases Per 100,000 Residents",3972
28079,"Cases Per 100,000 Residents",3524
28078,"Cases Per 100,000 Residents",3444
28077,"Cases Per 100,000 Residents",3591
28075,"Cases Per 100,000 Residents",3792
28073,"Cases Per 100,000 Residents",4014
28071,"Cases Per 100,000 Residents",4315
28056,"Cases Per 100,000 Residents",4877
28054,"Cases Per 100,000 Residents",5333
28052,"Cases Per 100,000 Residents",5581
28043,"Cases Per 100,000 Residents",5081
28040,"Cases Per 100,000 Residents",3446
28039,"Cases Per 100,000 Residents",0
28037,"Cases Per 100,000 Residents",3889
28036,"Cases Per 100,000 Residents",3514
28034,"Cases Per 100,000 Residents",7033
28033,"Cases Per 100,000 Residents",5919
28032,"Cases Per 100,000 Residents",4678
28031,"Cases Per 100,000 Residents",3797
28027,"Cases Per 100,000 Residents",3827
28025,"Cases Per 100,000 Residents",4072
28023,"Cases Per 100,000 Residents",4083
28021,"Cases Per 100,000 Residents",5351
28020,"Cases Per 100,000 Residents",4627
28018,"Cases Per 100,000 Residents",3988
28016,"Cases Per 100,000 Residents",4516
28012,"Cases Per 100,000 Residents",5100
28006,"Cases Per 100,000 Residents",5194
28001,"Cases Per 100,000 Residents",5430
27986,"Cases Per 100,000 Residents",2868
27983,"Cases Per 100,000 Residents",5107
27982,"Cases Per 100,000 Residents",
27981,"Cases Per 100,000 Residents",2415
27980,"Cases Per 100,000 Residents",5398
27979,"Cases Per 100,000 Residents",1213
27978,"Cases Per 100,000 Residents",0
27976,"Cases Per 100,000 Residents",2387
27974,"Cases Per 100,000 Residents",1818
27973,"Cases Per 100,000 Residents",2009
27972,"Cases Per 100,000 Residents",0
27970,"Cases Per 100,000 Residents",2956
27969,"Cases Per 100,000 Residents",
27968,"Cases Per 100,000 Residents",0
27966,"Cases Per 100,000 Residents",1290
27965,"Cases Per 100,000 Residents",818
27964,"Cases Per 100,000 Residents",1531
27962,"Cases Per 100,000 Residents",2742
27960,"Cases Per 100,000 Residents",890
27959,"Cases Per 100,000 Residents",2448
27958,"Cases Per 100,000 Residents",1816
27957,"Cases Per 100,000 Residents",4510
27956,"Cases Per 100,000 Residents",0
27954,"Cases Per 100,000 Residents",2779
27953,"Cases Per 100,000 Residents",1714
27950,"Cases Per 100,000 Residents",596
27949,"Cases Per 100,000 Residents",1990
27948,"Cases Per 100,000 Residents",1981
27947,"Cases Per 100,000 Residents",1420
27946,"Cases Per 100,000 Residents",2755
27944,"Cases Per 100,000 Residents",2837
27943,"Cases Per 100,000 Residents",0
27942,"Cases Per 100,000 Residents",3312
27941,"Cases Per 100,000 Residents",1493
27939,"Cases Per 100,000 Residents",801
27938,"Cases Per 100,000 Residents",4266
27937,"Cases Per 100,000 Residents",2069
27936,"Cases Per 100,000 Residents",1561
27935,"Cases Per 100,000 Residents",2509
27932,"Cases Per 100,000 Residents",4761
27929,"Cases Per 100,000 Residents",1488
27928,"Cases Per 100,000 Residents",3337
27927,"Cases Per 100,000 Residents",1631
27926,"Cases Per 100,000 Residents",1934
27925,"Cases Per 100,000 Residents",3770
27924,"Cases Per 100,000 Residents",3904
27923,"Cases Per 100,000 Residents",808
27922,"Cases Per 100,000 Residents",3794
27921,"Cases Per 100,000 Residents",1957
27920,"Cases Per 100,000 Residents",3322
27919,"Cases Per 100,000 Residents",3055
27917,"Cases Per 100,000 Residents",6181
27916,"Cases Per 100,000 Residents",1444
27915,"Cases Per 100,000 Residents",1979
27910,"Cases Per 100,000 Residents",6013
27909,"Cases Per 100,000 Residents",3049
27897,"Cases Per 100,000 Residents",3081
27896,"Cases Per 100,000 Residents",4926
27893,"Cases Per 100,000 Residents",5880
27892,"Cases Per 100,000 Residents",4289
27891,"Cases Per 100,000 Residents",4211
27890,"Cases Per 100,000 Residents",4003
27889,"Cases Per 100,000 Residents",4822
27888,"Cases Per 100,000 Residents",5209
27886,"Cases Per 100,000 Residents",5835
27885,"Cases Per 100,000 Residents",11874
27884,"Cases Per 100,000 Residents",4207
27883,"Cases Per 100,000 Residents",3921
27882,"Cases Per 100,000 Residents",5765
27881,"Cases Per 100,000 Residents",0
27880,"Cases Per 100,000 Residents",6250
27876,"Cases Per 100,000 Residents",4729
27875,"Cases Per 100,000 Residents",1566
27874,"Cases Per 100,000 Residents",4448
27872,"Cases Per 100,000 Residents",0
27871,"Cases Per 100,000 Residents",3605
27870,"Cases Per 100,000 Residents",4536
27869,"Cases Per 100,000 Residents",6876
27866,"Cases Per 100,000 Residents",4911
27865,"Cases Per 100,000 Residents",2796
27864,"Cases Per 100,000 Residents",6199
27863,"Cases Per 100,000 Residents",4396
27862,"Cases Per 100,000 Residents",2011
27860,"Cases Per 100,000 Residents",3977
27858,"Cases Per 100,000 Residents",5209
27857,"Cases Per 100,000 Residents",4372
27856,"Cases Per 100,000 Residents",5173
27855,"Cases Per 100,000 Residents",3817
27853,"Cases Per 100,000 Residents",0
27852,"Cases Per 100,000 Residents",3474
27851,"Cases Per 100,000 Residents",4647
27850,"Cases Per 100,000 Residents",2023
27849,"Cases Per 100,000 Residents",4248
27847,"Cases Per 100,000 Residents",3641
27846,"Cases Per 100,000 Residents",4106
27845,"Cases Per 100,000 Residents",4541
27844,"Cases Per 100,000 Residents",4673
27843,"Cases Per 100,000 Residents",6765
27842,"Cases Per 100,000 Residents",1950
27841,"Cases Per 100,000 Residents",0
27840,"Cases Per 100,000 Residents",6916
27839,"Cases Per 100,000 Residents",2539
27837,"Cases Per 100,000 Residents",3781
27834,"Cases Per 100,000 Residents",5229
27832,"Cases Per 100,000 Residents",5323
27831,"Cases Per 100,000 Residents",3930
27830,"Cases Per 100,000 Residents",3849
27829,"Cases Per 100,000 Residents",4647
27828,"Cases Per 100,000 Residents",3942
27827,"Cases Per 100,000 Residents",0
27826,"Cases Per 100,000 Residents",3373
27824,"Cases Per 100,000 Residents",2143
27823,"Cases Per 100,000 Residents",3955
27822,"Cases Per 100,000 Residents",4803
27821,"Cases Per 100,000 Residents",0
27820,"Cases Per 100,000 Residents",2643
27818,"Cases Per 100,000 Residents",4728
27817,"Cases Per 100,000 Residents",3780
27816,"Cases Per 100,000 Residents",3948
27814,"Cases Per 100,000 Residents",2665
27813,"Cases Per 100,000 Residents",3057
27812,"Cases Per 100,000 Residents",5388
27810,"Cases Per 100,000 Residents",2699
27809,"Cases Per 100,000 Residents",4758
27808,"Cases Per 100,000 Residents",2902
27807,"Cases Per 100,000 Residents",6124
27806,"Cases Per 100,000 Residents",2294
27805,"Cases Per 100,000 Residents",3582
27804,"Cases Per 100,000 Residents",5497
27803,"Cases Per 100,000 Residents",4172
27801,"Cases Per 100,000 Residents",4384
27713,"Cases Per 100,000 Residents",2671
27712,"Cases Per 100,000 Residents",3138
27711,"Cases Per 100,000 Residents",0
27710,"Cases Per 100,000 Residents",
27709,"Cases Per 100,000 Residents",0
27708,"Cases Per 100,000 Residents",583
27707,"Cases Per 100,000 Residents",3806
27706,"Cases Per 100,000 Residents",0
27705,"Cases Per 100,000 Residents",3867
27704,"Cases Per 100,000 Residents",5850
27703,"Cases Per 100,000 Residents",4559
27701,"Cases Per 100,000 Residents",4236
27617,"Cases Per 100,000 Residents",2727
27616,"Cases Per 100,000 Residents",4144
27615,"Cases Per 100,000 Residents",2974
27614,"Cases Per 100,000 Residents",2566
27613,"Cases Per 100,000 Residents",2414
27612,"Cases Per 100,000 Residents",3002
27610,"Cases Per 100,000 Residents",5217
27609,"Cases Per 100,000 Residents",3391
27608,"Cases Per 100,000 Residents",3146
27607,"Cases Per 100,000 Residents",3317
27606,"Cases Per 100,000 Residents",2920
27605,"Cases Per 100,000 Residents",3750
27604,"Cases Per 100,000 Residents",4294
27603,"Cases Per 100,000 Residents",3621
27601,"Cases Per 100,000 Residents",2867
27599,"Cases Per 100,000 Residents",
27597,"Cases Per 100,000 Residents",4181
27596,"Cases Per 100,000 Residents",3018
27592,"Cases Per 100,000 Residents",3057
27591,"Cases Per 100,000 Residents",4260
27589,"Cases Per 100,000 Residents",3718
27587,"Cases Per 100,000 Residents",3223
27583,"Cases Per 100,000 Residents",3751
27581,"Cases Per 100,000 Residents",3286
27577,"Cases Per 100,000 Residents",5691
27576,"Cases Per 100,000 Residents",5016
27574,"Cases Per 100,000 Residents",2593
27573,"Cases Per 100,000 Residents",3235
27572,"Cases Per 100,000 Residents",2460
27571,"Cases Per 100,000 Residents",2993
27569,"Cases Per 100,000 Residents",5154
27565,"Cases Per 100,000 Residents",4494
27563,"Cases Per 100,000 Residents",3351
27562,"Cases Per 100,000 Residents",2544
27560,"Cases Per 100,000 Residents",2158
27559,"Cases Per 100,000 Residents",2018
27557,"Cases Per 100,000 Residents",3896
27556,"Cases Per 100,000 Residents",0
27553,"Cases Per 100,000 Residents",15468
27551,"Cases Per 100,000 Residents",2222
27549,"Cases Per 100,000 Residents",3782
27546,"Cases Per 100,000 Residents",4208
27545,"Cases Per 100,000 Residents",4128
27544,"Cases Per 100,000 Residents",2936
27542,"Cases Per 100,000 Residents",3764
27541,"Cases Per 100,000 Residents",2893
27540,"Cases Per 100,000 Residents",2480
27539,"Cases Per 100,000 Residents",2315
27537,"Cases Per 100,000 Residents",4482
27536,"Cases Per 100,000 Residents",4958
27534,"Cases Per 100,000 Residents",4692
27531,"Cases Per 100,000 Residents",751
27530,"Cases Per 100,000 Residents",4153
27529,"Cases Per 100,000 Residents",3606
27527,"Cases Per 100,000 Residents",3112
27526,"Cases Per 100,000 Residents",2793
27525,"Cases Per 100,000 Residents",3631
27524,"Cases Per 100,000 Residents",4996
27523,"Cases Per 100,000 Residents",2042
27522,"Cases Per 100,000 Residents",3699
27521,"Cases Per 100,000 Residents",4294
27520,"Cases Per 100,000 Residents",4186
27519,"Cases Per 100,000 Residents",1639
27518,"Cases Per 100,000 Residents",1880
27517,"Cases Per 100,000 Residents",2150
27516,"Cases Per 100,000 Residents",2573
27514,"Cases Per 100,000 Residents",2871
27513,"Cases Per 100,000 Residents",1784
27511,"Cases Per 100,000 Residents",2462
27510,"Cases Per 100,000 Residents",3012
27509,"Cases Per 100,000 Residents",14852
27508,"Cases Per 100,000 Residents",3590
27507,"Cases Per 100,000 Residents",3264
27505,"Cases Per 100,000 Residents",3708
27504,"Cases Per 100,000 Residents",5006
27503,"Cases Per 100,000 Residents",997
27502,"Cases Per 100,000 Residents",1920
27501,"Cases Per 100,000 Residents",3688
27498,"Cases Per 100,000 Residents",0
27455,"Cases Per 100,000 Residents",3302
27412,"Cases Per 100,000 Residents",848
27411,"Cases Per 100,000 Residents",3542
27410,"Cases Per 100,000 Residents",2680
27409,"Cases Per 100,000 Residents",3309
27408,"Cases Per 100,000 Residents",2723
27407,"Cases Per 100,000 Residents",3802
27406,"Cases Per 100,000 Residents",3638
27405,"Cases Per 100,000 Residents",3955
27403,"Cases Per 100,000 Residents",2834
27401,"Cases Per 100,000 Residents",3843
27379,"Cases Per 100,000 Residents",3203
27377,"Cases Per 100,000 Residents",3814
27376,"Cases Per 100,000 Residents",3005
27371,"Cases Per 100,000 Residents",4873
27370,"Cases Per 100,000 Residents",4370
27360,"Cases Per 100,000 Residents",4242
27358,"Cases Per 100,000 Residents",3076
27357,"Cases Per 100,000 Residents",4288
27356,"Cases Per 100,000 Residents",4014
27355,"Cases Per 100,000 Residents",2879
27350,"Cases Per 100,000 Residents",3303
27349,"Cases Per 100,000 Residents",3402
27344,"Cases Per 100,000 Residents",6516
27343,"Cases Per 100,000 Residents",2283
27341,"Cases Per 100,000 Residents",3316
27340,"Cases Per 100,000 Residents",0
27332,"Cases Per 100,000 Residents",3911
27330,"Cases Per 100,000 Residents",4571
27326,"Cases Per 100,000 Residents",3304
27325,"Cases Per 100,000 Residents",4703
27320,"Cases Per 100,000 Residents",3255
27317,"Cases Per 100,000 Residents",4061
27316,"Cases Per 100,000 Residents",5240
27315,"Cases Per 100,000 Residents",1963
27314,"Cases Per 100,000 Residents",2109
27313,"Cases Per 100,000 Residents",3087
27312,"Cases Per 100,000 Residents",1991
27311,"Cases Per 100,000 Residents",3416
27310,"Cases Per 100,000 Residents",3142
27306,"Cases Per 100,000 Residents",4912
27305,"Cases Per 100,000 Residents",3785
27302,"Cases Per 100,000 Residents",3312
27301,"Cases Per 100,000 Residents",3803
27299,"Cases Per 100,000 Residents",4625
27298,"Cases Per 100,000 Residents",3238
27295,"Cases Per 100,000 Residents",3901
27292,"Cases Per 100,000 Residents",3622
27291,"Cases Per 100,000 Residents",3511
27288,"Cases Per 100,000 Residents",4087
27284,"Cases Per 100,000 Residents",3731
27283,"Cases Per 100,000 Residents",3454
27282,"Cases Per 100,000 Residents",3356
27281,"Cases Per 100,000 Residents",3261
27278,"Cases Per 100,000 Residents",2833
27268,"Cases Per 100,000 Residents",13333
27265,"Cases Per 100,000 Residents",3319
27263,"Cases Per 100,000 Residents",4256
27262,"Cases Per 100,000 Residents",3634
27260,"Cases Per 100,000 Residents",3884
27258,"Cases Per 100,000 Residents",3695
27253,"Cases Per 100,000 Residents",5123
27252,"Cases Per 100,000 Residents",1634
27249,"Cases Per 100,000 Residents",3489
27248,"Cases Per 100,000 Residents",3516
27244,"Cases Per 100,000 Residents",5751
27243,"Cases Per 100,000 Residents",2808
27242,"Cases Per 100,000 Residents",2961
27239,"Cases Per 100,000 Residents",3022
27235,"Cases Per 100,000 Residents",3803
27233,"Cases Per 100,000 Residents",2523
27231,"Cases Per 100,000 Residents",2344
27229,"Cases Per 100,000 Residents",7100
27217,"Cases Per 100,000 Residents",6840
27215,"Cases Per 100,000 Residents",4355
27214,"Cases Per 100,000 Residents",3507
27212,"Cases Per 100,000 Residents",15375
27209,"Cases Per 100,000 Residents",9757
27208,"Cases Per 100,000 Residents",4080
27207,"Cases Per 100,000 Residents",3889
27205,"Cases Per 100,000 Residents",4620
27203,"Cases Per 100,000 Residents",6121
27157,"Cases Per 100,000 Residents",0
27127,"Cases Per 100,000 Residents",4516
27107,"Cases Per 100,000 Residents",4581
27106,"Cases Per 100,000 Residents",3854
27105,"Cases Per 100,000 Residents",5134
27104,"Cases Per 100,000 Residents",3934
27103,"Cases Per 100,000 Residents",3898
27101,"Cases Per 100,000 Residents",3281
27055,"Cases Per 100,000 Residents",5833
27054,"Cases Per 100,000 Residents",3873
27053,"Cases Per 100,000 Residents",1869
27052,"Cases Per 100,000 Residents",3250
27051,"Cases Per 100,000 Residents",3222
27050,"Cases Per 100,000 Residents",3330
27048,"Cases Per 100,000 Residents",4168
27047,"Cases Per 100,000 Residents",4457
27046,"Cases Per 100,000 Residents",3584
27045,"Cases Per 100,000 Residents",4665
27043,"Cases Per 100,000 Residents",3462
27042,"Cases Per 100,000 Residents",5556
27041,"Cases Per 100,000 Residents",3279
27040,"Cases Per 100,000 Residents",3247
27030,"Cases Per 100,000 Residents",4556
27028,"Cases Per 100,000 Residents",3845
27027,"Cases Per 100,000 Residents",4605
27025,"Cases Per 100,000 Residents",5235
27024,"Cases Per 100,000 Residents",3802
27023,"Cases Per 100,000 Residents",3593
27022,"Cases Per 100,000 Residents",2513
27021,"Cases Per 100,000 Residents",3143
27020,"Cases Per 100,000 Residents",4931
27019,"Cases Per 100,000 Residents",3094
27018,"Cases Per 100,000 Residents",3868
27017,"Cases Per 100,000 Residents",5232
27016,"Cases Per 100,000 Residents",3448
27014,"Cases Per 100,000 Residents",2821
27013,"Cases Per 100,000 Residents",3295
27012,"Cases Per 100,000 Residents",3896
27011,"Cases Per 100,000 Residents",4509
27009,"Cases Per 100,000 Residents",2894
27007,"Cases Per 100,000 Residents",3699
27006,"Cases Per 100,000 Residents",3006
28909,"Cases Per 10,000 Residents",234
28906,"Cases Per 10,000 Residents",319
28905,"Cases Per 10,000 Residents",265
28904,"Cases Per 10,000 Residents",265
28902,"Cases Per 10,000 Residents",288
28901,"Cases Per 10,000 Residents",419
28806,"Cases Per 10,000 Residents",300
28805,"Cases Per 10,000 Residents",202
28804,"Cases Per 10,000 Residents",232
28803,"Cases Per 10,000 Residents",232
28801,"Cases Per 10,000 Residents",213
28792,"Cases Per 10,000 Residents",369
28791,"Cases Per 10,000 Residents",315
28790,"Cases Per 10,000 Residents",246
28789,"Cases Per 10,000 Residents",238
28787,"Cases Per 10,000 Residents",256
28786,"Cases Per 10,000 Residents",222
28785,"Cases Per 10,000 Residents",181
28783,"Cases Per 10,000 Residents",252
28782,"Cases Per 10,000 Residents",200
28781,"Cases Per 10,000 Residents",157
28779,"Cases Per 10,000 Residents",321
28778,"Cases Per 10,000 Residents",217
28777,"Cases Per 10,000 Residents",847
28775,"Cases Per 10,000 Residents",0
28774,"Cases Per 10,000 Residents",217
28773,"Cases Per 10,000 Residents",242
28772,"Cases Per 10,000 Residents",149
28771,"Cases Per 10,000 Residents",364
28768,"Cases Per 10,000 Residents",196
28766,"Cases Per 10,000 Residents",170
28763,"Cases Per 10,000 Residents",185
28762,"Cases Per 10,000 Residents",370
28761,"Cases Per 10,000 Residents",557
28759,"Cases Per 10,000 Residents",248
28757,"Cases Per 10,000 Residents",
28756,"Cases Per 10,000 Residents",254
28754,"Cases Per 10,000 Residents",341
28753,"Cases Per 10,000 Residents",235
28752,"Cases Per 10,000 Residents",515
28751,"Cases Per 10,000 Residents",292
28749,"Cases Per 10,000 Residents",
28748,"Cases Per 10,000 Residents",209
28747,"Cases Per 10,000 Residents",131
28746,"Cases Per 10,000 Residents",317
28745,"Cases Per 10,000 Residents",334
28743,"Cases Per 10,000 Residents",211
28742,"Cases Per 10,000 Residents",247
28741,"Cases Per 10,000 Residents",383
28740,"Cases Per 10,000 Residents",424
28739,"Cases Per 10,000 Residents",205
28736,"Cases Per 10,000 Residents",338
28735,"Cases Per 10,000 Residents",0
28734,"Cases Per 10,000 Residents",286
28733,"Cases Per 10,000 Residents",0
28732,"Cases Per 10,000 Residents",233
28731,"Cases Per 10,000 Residents",380
28730,"Cases Per 10,000 Residents",151
28729,"Cases Per 10,000 Residents",191
28726,"Cases Per 10,000 Residents",400
28725,"Cases Per 10,000 Residents",0
28723,"Cases Per 10,000 Residents",480
28722,"Cases Per 10,000 Residents",315
28721,"Cases Per 10,000 Residents",230
28720,"Cases Per 10,000 Residents",0
28719,"Cases Per 10,000 Residents",618
28718,"Cases Per 10,000 Residents",132
28717,"Cases Per 10,000 Residents",517
28716,"Cases Per 10,000 Residents",283
28715,"Cases Per 10,000 Residents",253
28714,"Cases Per 10,000 Residents",404
28713,"Cases Per 10,000 Residents",204
28712,"Cases Per 10,000 Residents",199
28711,"Cases Per 10,000 Residents",239
28709,"Cases Per 10,000 Residents",191
28708,"Cases Per 10,000 Residents",104
28705,"Cases Per 10,000 Residents",251
28704,"Cases Per 10,000 Residents",313
28702,"Cases Per 10,000 Residents",43
28701,"Cases Per 10,000 Residents",188
28698,"Cases Per 10,000 Residents",390
28697,"Cases Per 10,000 Residents",538
28694,"Cases Per 10,000 Residents",370
28693,"Cases Per 10,000 Residents",295
28692,"Cases Per 10,000 Residents",286
28690,"Cases Per 10,000 Residents",458
28689,"Cases Per 10,000 Residents",499
28685,"Cases Per 10,000 Residents",278
28684,"Cases Per 10,000 Residents",179
28683,"Cases Per 10,000 Residents",295
28682,"Cases Per 10,000 Residents",291
28681,"Cases Per 10,000 Residents",539
28679,"Cases Per 10,000 Residents",226
28678,"Cases Per 10,000 Residents",322
28677,"Cases Per 10,000 Residents",455
28676,"Cases Per 10,000 Residents",363
28675,"Cases Per 10,000 Residents",464
28673,"Cases Per 10,000 Residents",362
28672,"Cases Per 10,000 Residents",0
28670,"Cases Per 10,000 Residents",327
28669,"Cases Per 10,000 Residents",338
28668,"Cases Per 10,000 Residents",0
28667,"Cases Per 10,000 Residents",0
28665,"Cases Per 10,000 Residents",318
28663,"Cases Per 10,000 Residents",140
28660,"Cases Per 10,000 Residents",377
28659,"Cases Per 10,000 Residents",532
28658,"Cases Per 10,000 Residents",595
28657,"Cases Per 10,000 Residents",488
28655,"Cases Per 10,000 Residents",524
28654,"Cases Per 10,000 Residents",432
28651,"Cases Per 10,000 Residents",371
28650,"Cases Per 10,000 Residents",472
28649,"Cases Per 10,000 Residents",329
28646,"Cases Per 10,000 Residents",0
28645,"Cases Per 10,000 Residents",497
28644,"Cases Per 10,000 Residents",236
28643,"Cases Per 10,000 Residents",302
28642,"Cases Per 10,000 Residents",470
28640,"Cases Per 10,000 Residents",472
28638,"Cases Per 10,000 Residents",532
28637,"Cases Per 10,000 Residents",929
28636,"Cases Per 10,000 Residents",499
28635,"Cases Per 10,000 Residents",379
28634,"Cases Per 10,000 Residents",347
28631,"Cases Per 10,000 Residents",914
28630,"Cases Per 10,000 Residents",538
28629,"Cases Per 10,000 Residents",0
28627,"Cases Per 10,000 Residents",150
28626,"Cases Per 10,000 Residents",177
28625,"Cases Per 10,000 Residents",430
28624,"Cases Per 10,000 Residents",386
28623,"Cases Per 10,000 Residents",449
28622,"Cases Per 10,000 Residents",489
28621,"Cases Per 10,000 Residents",538
28618,"Cases Per 10,000 Residents",282
28617,"Cases Per 10,000 Residents",416
28615,"Cases Per 10,000 Residents",223
28613,"Cases Per 10,000 Residents",590
28612,"Cases Per 10,000 Residents",458
28611,"Cases Per 10,000 Residents",440
28610,"Cases Per 10,000 Residents",492
28609,"Cases Per 10,000 Residents",364
28608,"Cases Per 10,000 Residents",
28607,"Cases Per 10,000 Residents",395
28606,"Cases Per 10,000 Residents",338
28605,"Cases Per 10,000 Residents",244
28604,"Cases Per 10,000 Residents",278
28602,"Cases Per 10,000 Residents",495
28601,"Cases Per 10,000 Residents",579
28594,"Cases Per 10,000 Residents",427
28590,"Cases Per 10,000 Residents",464
28587,"Cases Per 10,000 Residents",0
28586,"Cases Per 10,000 Residents",684
28585,"Cases Per 10,000 Residents",254
28584,"Cases Per 10,000 Residents",278
28583,"Cases Per 10,000 Residents",
28582,"Cases Per 10,000 Residents",164
28581,"Cases Per 10,000 Residents",0
28580,"Cases Per 10,000 Residents",529
28579,"Cases Per 10,000 Residents",175
28578,"Cases Per 10,000 Residents",575
28577,"Cases Per 10,000 Residents",84
28574,"Cases Per 10,000 Residents",406
28573,"Cases Per 10,000 Residents",457
28572,"Cases Per 10,000 Residents",469
28571,"Cases Per 10,000 Residents",147
28570,"Cases Per 10,000 Residents",322
28562,"Cases Per 10,000 Residents",359
28561,"Cases Per 10,000 Residents",
28560,"Cases Per 10,000 Residents",382
28557,"Cases Per 10,000 Residents",305
28556,"Cases Per 10,000 Residents",148
28555,"Cases Per 10,000 Residents",287
28553,"Cases Per 10,000 Residents",115
28552,"Cases Per 10,000 Residents",0
28551,"Cases Per 10,000 Residents",454
28547,"Cases Per 10,000 Residents",440
28546,"Cases Per 10,000 Residents",329
28545,"Cases Per 10,000 Residents",180
28544,"Cases Per 10,000 Residents",337
28543,"Cases Per 10,000 Residents",193
28542,"Cases Per 10,000 Residents",356
28540,"Cases Per 10,000 Residents",326
28539,"Cases Per 10,000 Residents",253
28538,"Cases Per 10,000 Residents",449
28537,"Cases Per 10,000 Residents",0
28533,"Cases Per 10,000 Residents",
28532,"Cases Per 10,000 Residents",227
28531,"Cases Per 10,000 Residents",290
28530,"Cases Per 10,000 Residents",439
28529,"Cases Per 10,000 Residents",540
28528,"Cases Per 10,000 Residents",172
28527,"Cases Per 10,000 Residents",453
28526,"Cases Per 10,000 Residents",340
28525,"Cases Per 10,000 Residents",411
28524,"Cases Per 10,000 Residents",0
28523,"Cases Per 10,000 Residents",396
28521,"Cases Per 10,000 Residents",496
28520,"Cases Per 10,000 Residents",0
28519,"Cases Per 10,000 Residents",0
28518,"Cases Per 10,000 Residents",448
28516,"Cases Per 10,000 Residents",268
28515,"Cases Per 10,000 Residents",488
28513,"Cases Per 10,000 Residents",422
28512,"Cases Per 10,000 Residents",244
28511,"Cases Per 10,000 Residents",143
28510,"Cases Per 10,000 Residents",233
28508,"Cases Per 10,000 Residents",613
28504,"Cases Per 10,000 Residents",509
28501,"Cases Per 10,000 Residents",347
28480,"Cases Per 10,000 Residents",537
28479,"Cases Per 10,000 Residents",412
28478,"Cases Per 10,000 Residents",354
28472,"Cases Per 10,000 Residents",441
28470,"Cases Per 10,000 Residents",312
28469,"Cases Per 10,000 Residents",278
28468,"Cases Per 10,000 Residents",208
28467,"Cases Per 10,000 Residents",354
28466,"Cases Per 10,000 Residents",573
28465,"Cases Per 10,000 Residents",169
28464,"Cases Per 10,000 Residents",618
28463,"Cases Per 10,000 Residents",964
28462,"Cases Per 10,000 Residents",236
28461,"Cases Per 10,000 Residents",159
28460,"Cases Per 10,000 Residents",389
28458,"Cases Per 10,000 Residents",604
28457,"Cases Per 10,000 Residents",299
28456,"Cases Per 10,000 Residents",482
28455,"Cases Per 10,000 Residents",437
28454,"Cases Per 10,000 Residents",254
28453,"Cases Per 10,000 Residents",926
28452,"Cases Per 10,000 Residents",565
28451,"Cases Per 10,000 Residents",257
28450,"Cases Per 10,000 Residents",426
28449,"Cases Per 10,000 Residents",174
28448,"Cases Per 10,000 Residents",280
28447,"Cases Per 10,000 Residents",675
28445,"Cases Per 10,000 Residents",355
28444,"Cases Per 10,000 Residents",575
28443,"Cases Per 10,000 Residents",308
28442,"Cases Per 10,000 Residents",427
28441,"Cases Per 10,000 Residents",562
28439,"Cases Per 10,000 Residents",430
28438,"Cases Per 10,000 Residents",397
28436,"Cases Per 10,000 Residents",324
28435,"Cases Per 10,000 Residents",341
28434,"Cases Per 10,000 Residents",221
28433,"Cases Per 10,000 Residents",313
28432,"Cases Per 10,000 Residents",576
28431,"Cases Per 10,000 Residents",454
28430,"Cases Per 10,000 Residents",365
28429,"Cases Per 10,000 Residents",267
28428,"Cases Per 10,000 Residents",269
28425,"Cases Per 10,000 Residents",513
28423,"Cases Per 10,000 Residents",420
28422,"Cases Per 10,000 Residents",211
28421,"Cases Per 10,000 Residents",240
28420,"Cases Per 10,000 Residents",268
28412,"Cases Per 10,000 Residents",284
28411,"Cases Per 10,000 Residents",284
28409,"Cases Per 10,000 Residents",284
28405,"Cases Per 10,000 Residents",362
28403,"Cases Per 10,000 Residents",442
28401,"Cases Per 10,000 Residents",395
28399,"Cases Per 10,000 Residents",491
28398,"Cases Per 10,000 Residents",746
28396,"Cases Per 10,000 Residents",429
28395,"Cases Per 10,000 Residents",275
28394,"Cases Per 10,000 Residents",249
28393,"Cases Per 10,000 Residents",676
28392,"Cases Per 10,000 Residents",547
28391,"Cases Per 10,000 Residents",282
28390,"Cases Per 10,000 Residents",266
28387,"Cases Per 10,000 Residents",380
28386,"Cases Per 10,000 Residents",824
28385,"Cases Per 10,000 Residents",552
28384,"Cases Per 10,000 Residents",598
28383,"Cases Per 10,000 Residents",577
28382,"Cases Per 10,000 Residents",360
28379,"Cases Per 10,000 Residents",446
28377,"Cases Per 10,000 Residents",647
28376,"Cases Per 10,000 Residents",426
28375,"Cases Per 10,000 Residents",0
28374,"Cases Per 10,000 Residents",318
28373,"Cases Per 10,000 Residents",333
28372,"Cases Per 10,000 Residents",655
28371,"Cases Per 10,000 Residents",346
28369,"Cases Per 10,000 Residents",482
28366,"Cases Per 10,000 Residents",691
28365,"Cases Per 10,000 Residents",615
28364,"Cases Per 10,000 Residents",514
28363,"Cases Per 10,000 Residents",593
28360,"Cases Per 10,000 Residents",638
28358,"Cases Per 10,000 Residents",582
28357,"Cases Per 10,000 Residents",378
28356,"Cases Per 10,000 Residents",319
28352,"Cases Per 10,000 Residents",676
28351,"Cases Per 10,000 Residents",397
28350,"Cases Per 10,000 Residents",0
28349,"Cases Per 10,000 Residents",594
28348,"Cases Per 10,000 Residents",346
28347,"Cases Per 10,000 Residents",849
28345,"Cases Per 10,000 Residents",503
28344,"Cases Per 10,000 Residents",511
28343,"Cases Per 10,000 Residents",536
28341,"Cases Per 10,000 Residents",671
28340,"Cases Per 10,000 Residents",595
28339,"Cases Per 10,000 Residents",433
28338,"Cases Per 10,000 Residents",385
28337,"Cases Per 10,000 Residents",424
28334,"Cases Per 10,000 Residents",524
28333,"Cases Per 10,000 Residents",680
28328,"Cases Per 10,000 Residents",764
28327,"Cases Per 10,000 Residents",353
28326,"Cases Per 10,000 Residents",285
28323,"Cases Per 10,000 Residents",363
28320,"Cases Per 10,000 Residents",341
28318,"Cases Per 10,000 Residents",393
28315,"Cases Per 10,000 Residents",406
28314,"Cases Per 10,000 Residents",340
28312,"Cases Per 10,000 Residents",328
28311,"Cases Per 10,000 Residents",315
28310,"Cases Per 10,000 Residents",547
28308,"Cases Per 10,000 Residents",41
28307,"Cases Per 10,000 Residents",217
28306,"Cases Per 10,000 Residents",318
28305,"Cases Per 10,000 Residents",323
28304,"Cases Per 10,000 Residents",292
28303,"Cases Per 10,000 Residents",256
28301,"Cases Per 10,000 Residents",428
28278,"Cases Per 10,000 Residents",398
28277,"Cases Per 10,000 Residents",291
28273,"Cases Per 10,000 Residents",547
28270,"Cases Per 10,000 Residents",267
28269,"Cases Per 10,000 Residents",397
28262,"Cases Per 10,000 Residents",415
28253,"Cases Per 10,000 Residents",
28227,"Cases Per 10,000 Residents",495
28226,"Cases Per 10,000 Residents",362
28223,"Cases Per 10,000 Residents",51
28217,"Cases Per 10,000 Residents",647
28216,"Cases Per 10,000 Residents",466
28215,"Cases Per 10,000 Residents",561
28214,"Cases Per 10,000 Residents",536
28213,"Cases Per 10,000 Residents",595
28212,"Cases Per 10,000 Residents",596
28211,"Cases Per 10,000 Residents",371
28210,"Cases Per 10,000 Residents",478
28209,"Cases Per 10,000 Residents",428
28208,"Cases Per 10,000 Residents",515
28207,"Cases Per 10,000 Residents",375
28206,"Cases Per 10,000 Residents",455
28205,"Cases Per 10,000 Residents",491
28204,"Cases Per 10,000 Residents",610
28203,"Cases Per 10,000 Residents",563
28202,"Cases Per 10,000 Residents",590
28174,"Cases Per 10,000 Residents",636
28173,"Cases Per 10,000 Residents",328
28170,"Cases Per 10,000 Residents",403
28168,"Cases Per 10,000 Residents",522
28167,"Cases Per 10,000 Residents",385
28166,"Cases Per 10,000 Residents",359
28164,"Cases Per 10,000 Residents",480
28163,"Cases Per 10,000 Residents",315
28160,"Cases Per 10,000 Residents",496
28159,"Cases Per 10,000 Residents",457
28152,"Cases Per 10,000 Residents",464
28150,"Cases Per 10,000 Residents",557
28147,"Cases Per 10,000 Residents",672
28146,"Cases Per 10,000 Residents",415
28144,"Cases Per 10,000 Residents",477
28139,"Cases Per 10,000 Residents",473
28138,"Cases Per 10,000 Residents",407
28137,"Cases Per 10,000 Residents",380
28135,"Cases Per 10,000 Residents",437
28134,"Cases Per 10,000 Residents",500
28133,"Cases Per 10,000 Residents",394
28129,"Cases Per 10,000 Residents",383
28128,"Cases Per 10,000 Residents",447
28127,"Cases Per 10,000 Residents",871
28125,"Cases Per 10,000 Residents",406
28124,"Cases Per 10,000 Residents",348
28120,"Cases Per 10,000 Residents",460
28119,"Cases Per 10,000 Residents",369
28117,"Cases Per 10,000 Residents",327
28115,"Cases Per 10,000 Residents",325
28114,"Cases Per 10,000 Residents",358
28112,"Cases Per 10,000 Residents",461
28110,"Cases Per 10,000 Residents",466
28107,"Cases Per 10,000 Residents",382
28105,"Cases Per 10,000 Residents",375
28104,"Cases Per 10,000 Residents",342
28103,"Cases Per 10,000 Residents",382
28101,"Cases Per 10,000 Residents",0
28098,"Cases Per 10,000 Residents",459
28097,"Cases Per 10,000 Residents",490
28092,"Cases Per 10,000 Residents",529
28091,"Cases Per 10,000 Residents",306
28090,"Cases Per 10,000 Residents",396
28088,"Cases Per 10,000 Residents",425
28086,"Cases Per 10,000 Residents",529
28083,"Cases Per 10,000 Residents",436
28081,"Cases Per 10,000 Residents",418
28080,"Cases Per 10,000 Residents",397
28079,"Cases Per 10,000 Residents",352
28078,"Cases Per 10,000 Residents",344
28077,"Cases Per 10,000 Residents",359
28075,"Cases Per 10,000 Residents",379
28073,"Cases Per 10,000 Residents",401
28071,"Cases Per 10,000 Residents",432
28056,"Cases Per 10,000 Residents",488
28054,"Cases Per 10,000 Residents",533
28052,"Cases Per 10,000 Residents",558
28043,"Cases Per 10,000 Residents",508
28040,"Cases Per 10,000 Residents",345
28039,"Cases Per 10,000 Residents",0
28037,"Cases Per 10,000 Residents",389
28036,"Cases Per 10,000 Residents",351
28034,"Cases Per 10,000 Residents",703
28033,"Cases Per 10,000 Residents",592
28032,"Cases Per 10,000 Residents",468
28031,"Cases Per 10,000 Residents",380
28027,"Cases Per 10,000 Residents",383
28025,"Cases Per 10,000 Residents",407
28023,"Cases Per 10,000 Residents",408
28021,"Cases Per 10,000 Residents",535
28020,"Cases Per 10,000 Residents",463
28018,"Cases Per 10,000 Residents",399
28016,"Cases Per 10,000 Residents",452
28012,"Cases Per 10,000 Residents",510
28006,"Cases Per 10,000 Residents",519
28001,"Cases Per 10,000 Residents",543
27986,"Cases Per 10,000 Residents",287
27983,"Cases Per 10,000 Residents",511
27982,"Cases Per 10,000 Residents",
27981,"Cases Per 10,000 Residents",242
27980,"Cases Per 10,000 Residents",540
27979,"Cases Per 10,000 Residents",121
27978,"Cases Per 10,000 Residents",0
27976,"Cases Per 10,000 Residents",239
27974,"Cases Per 10,000 Residents",182
27973,"Cases Per 10,000 Residents",201
27972,"Cases Per 10,000 Residents",0
27970,"Cases Per 10,000 Residents",296
27969,"Cases Per 10,000 Residents",
27968,"Cases Per 10,000 Residents",0
27966,"Cases Per 10,000 Residents",129
27965,"Cases Per 10,000 Residents",82
27964,"Cases Per 10,000 Residents",153
27962,"Cases Per 10,000 Residents",274
27960,"Cases Per 10,000 Residents",89
27959,"Cases Per 10,000 Residents",245
27958,"Cases Per 10,000 Residents",182
27957,"Cases Per 10,000 Residents",451
27956,"Cases Per 10,000 Residents",0
27954,"Cases Per 10,000 Residents",278
27953,"Cases Per 10,000 Residents",171
27950,"Cases Per 10,000 Residents",60
27949,"Cases Per 10,000 Residents",199
27948,"Cases Per 10,000 Residents",198
27947,"Cases Per 10,000 Residents",142
27946,"Cases Per 10,000 Residents",275
27944,"Cases Per 10,000 Residents",284
27943,"Cases Per 10,000 Residents",0
27942,"Cases Per 10,000 Residents",331
27941,"Cases Per 10,000 Residents",149
27939,"Cases Per 10,000 Residents",80
27938,"Cases Per 10,000 Residents",427
27937,"Cases Per 10,000 Residents",207
27936,"Cases Per 10,000 Residents",156
27935,"Cases Per 10,000 Residents",251
27932,"Cases Per 10,000 Residents",476
27929,"Cases Per 10,000 Residents",149
27928,"Cases Per 10,000 Residents",334
27927,"Cases Per 10,000 Residents",163
27926,"Cases Per 10,000 Residents",193
27925,"Cases Per 10,000 Residents",377
27924,"Cases Per 10,000 Residents",390
27923,"Cases Per 10,000 Residents",81
27922,"Cases Per 10,000 Residents",379
27921,"Cases Per 10,000 Residents",196
27920,"Cases Per 10,000 Residents",332
27919,"Cases Per 10,000 Residents",306
27917,"Cases Per 10,000 Residents",618
27916,"Cases Per 10,000 Residents",144
27915,"Cases Per 10,000 Residents",198
27910,"Cases Per 10,000 Residents",601
27909,"Cases Per 10,000 Residents",305
27897,"Cases Per 10,000 Residents",308
27896,"Cases Per 10,000 Residents",493
27893,"Cases Per 10,000 Residents",588
27892,"Cases Per 10,000 Residents",429
27891,"Cases Per 10,000 Residents",421
27890,"Cases Per 10,000 Residents",400
27889,"Cases Per 10,000 Residents",482
27888,"Cases Per 10,000 Residents",521
27886,"Cases Per 10,000 Residents",583
27885,"Cases Per 10,000 Residents",1187
27884,"Cases Per 10,000 Residents",421
27883,"Cases Per 10,000 Residents",392
27882,"Cases Per 10,000 Residents",577
27881,"Cases Per 10,000 Residents",0
27880,"Cases Per 10,000 Residents",625
27876,"Cases Per 10,000 Residents",473
27875,"Cases Per 10,000 Residents",157
27874,"Cases Per 10,000 Residents",445
27872,"Cases Per 10,000 Residents",0
27871,"Cases Per 10,000 Residents",361
27870,"Cases Per 10,000 Residents",454
27869,"Cases Per 10,000 Residents",688
27866,"Cases Per 10,000 Residents",491
27865,"Cases Per 10,000 Residents",280
27864,"Cases Per 10,000 Residents",620
27863,"Cases Per 10,000 Residents",440
27862,"Cases Per 10,000 Residents",201
27860,"Cases Per 10,000 Residents",398
27858,"Cases Per 10,000 Residents",521
27857,"Cases Per 10,000 Residents",437
27856,"Cases Per 10,000 Residents",517
27855,"Cases Per 10,000 Residents",382
27853,"Cases Per 10,000 Residents",0
27852,"Cases Per 10,000 Residents",347
27851,"Cases Per 10,000 Residents",465
27850,"Cases Per 10,000 Residents",202
27849,"Cases Per 10,000 Residents",425
27847,"Cases Per 10,000 Residents",364
27846,"Cases Per 10,000 Residents",411
27845,"Cases Per 10,000 Residents",454
27844,"Cases Per 10,000 Residents",467
27843,"Cases Per 10,000 Residents",677
27842,"Cases Per 10,000 Residents",195
27841,"Cases Per 10,000 Residents",0
27840,"Cases Per 10,000 Residents",692
27839,"Cases Per 10,000 Residents",254
27837,"Cases Per 10,000 Residents",378
27834,"Cases Per 10,000 Residents",523
27832,"Cases Per 10,000 Residents",532
27831,"Cases Per 10,000 Residents",393
27830,"Cases Per 10,000 Residents",385
27829,"Cases Per 10,000 Residents",465
27828,"Cases Per 10,000 Residents",394
27827,"Cases Per 10,000 Residents",0
27826,"Cases Per 10,000 Residents",337
27824,"Cases Per 10,000 Residents",214
27823,"Cases Per 10,000 Residents",396
27822,"Cases Per 10,000 Residents",480
27821,"Cases Per 10,000 Residents",0
27820,"Cases Per 10,000 Residents",264
27818,"Cases Per 10,000 Residents",473
27817,"Cases Per 10,000 Residents",378
27816,"Cases Per 10,000 Residents",395
27814,"Cases Per 10,000 Residents",267
27813,"Cases Per 10,000 Residents",306
27812,"Cases Per 10,000 Residents",539
27810,"Cases Per 10,000 Residents",270
27809,"Cases Per 10,000 Residents",476
27808,"Cases Per 10,000 Residents",290
27807,"Cases Per 10,000 Residents",612
27806,"Cases Per 10,000 Residents",229
27805,"Cases Per 10,000 Residents",358
27804,"Cases Per 10,000 Residents",550
27803,"Cases Per 10,000 Residents",417
27801,"Cases Per 10,000 Residents",438
27713,"Cases Per 10,000 Residents",267
27712,"Cases Per 10,000 Residents",314
27711,"Cases Per 10,000 Residents",0
27710,"Cases Per 10,000 Residents",
27709,"Cases Per 10,000 Residents",0
27708,"Cases Per 10,000 Residents",58
27707,"Cases Per 10,000 Residents",381
27706,"Cases Per 10,000 Residents",0
27705,"Cases Per 10,000 Residents",387
27704,"Cases Per 10,000 Residents",585
27703,"Cases Per 10,000 Residents",456
27701,"Cases Per 10,000 Residents",424
27617,"Cases Per 10,000 Residents",273
27616,"Cases Per 10,000 Residents",414
27615,"Cases Per 10,000 Residents",297
27614,"Cases Per 10,000 Residents",257
27613,"Cases Per 10,000 Residents",241
27612,"Cases Per 10,000 Residents",300
27610,"Cases Per 10,000 Residents",522
27609,"Cases Per 10,000 Residents",339
27608,"Cases Per 10,000 Residents",315
27607,"Cases Per 10,000 Residents",332
27606,"Cases Per 10,000 Residents",292
27605,"Cases Per 10,000 Residents",375
27604,"Cases Per 10,000 Residents",429
27603,"Cases Per 10,000 Residents",362
27601,"Cases Per 10,000 Residents",287
27599,"Cases Per 10,000 Residents",
27597,"Cases Per 10,000 Residents",418
27596,"Cases Per 10,000 Residents",302
27592,"Cases Per 10,000 Residents",306
27591,"Cases Per 10,000 Residents",426
27589,"Cases Per 10,000 Residents",372
27587,"Cases Per 10,000 Residents",322
27583,"Cases Per 10,000 Residents",375
27581,"Cases Per 10,000 Residents",329
27577,"Cases Per 10,000 Residents",569
27576,"Cases Per 10,000 Residents",502
27574,"Cases Per 10,000 Residents",259
27573,"Cases Per 10,000 Residents",324
27572,"Cases Per 10,000 Residents",246
27571,"Cases Per 10,000 Residents",299
27569,"Cases Per 10,000 Residents",515
27565,"Cases Per 10,000 Residents",449
27563,"Cases Per 10,000 Residents",335
27562,"Cases Per 10,000 Residents",254
27560,"Cases Per 10,000 Residents",216
27559,"Cases Per 10,000 Residents",202
27557,"Cases Per 10,000 Residents",390
27556,"Cases Per 10,000 Residents",0
27553,"Cases Per 10,000 Residents",1547
27551,"Cases Per 10,000 Residents",222
27549,"Cases Per 10,000 Residents",378
27546,"Cases Per 10,000 Residents",421
27545,"Cases Per 10,000 Residents",413
27544,"Cases Per 10,000 Residents",294
27542,"Cases Per 10,000 Residents",376
27541,"Cases Per 10,000 Residents",289
27540,"Cases Per 10,000 Residents",248
27539,"Cases Per 10,000 Residents",231
27537,"Cases Per 10,000 Residents",448
27536,"Cases Per 10,000 Residents",496
27534,"Cases Per 10,000 Residents",469
27531,"Cases Per 10,000 Residents",75
27530,"Cases Per 10,000 Residents",415
27529,"Cases Per 10,000 Residents",361
27527,"Cases Per 10,000 Residents",311
27526,"Cases Per 10,000 Residents",279
27525,"Cases Per 10,000 Residents",363
27524,"Cases Per 10,000 Residents",500
27523,"Cases Per 10,000 Residents",204
27522,"Cases Per 10,000 Residents",370
27521,"Cases Per 10,000 Residents",429
27520,"Cases Per 10,000 Residents",419
27519,"Cases Per 10,000 Residents",164
27518,"Cases Per 10,000 Residents",188
27517,"Cases Per 10,000 Residents",215
27516,"Cases Per 10,000 Residents",257
27514,"Cases Per 10,000 Residents",287
27513,"Cases Per 10,000 Residents",178
27511,"Cases Per 10,000 Residents",246
27510,"Cases Per 10,000 Residents",301
27509,"Cases Per 10,000 Residents",1485
27508,"Cases Per 10,000 Residents",359
27507,"Cases Per 10,000 Residents",326
27505,"Cases Per 10,000 Residents",371
27504,"Cases Per 10,000 Residents",501
27503,"Cases Per 10,000 Residents",100
27502,"Cases Per 10,000 Residents",192
27501,"Cases Per 10,000 Residents",369
27498,"Cases Per 10,000 Residents",0
27455,"Cases Per 10,000 Residents",330
27412,"Cases Per 10,000 Residents",85
27411,"Cases Per 10,000 Residents",354
27410,"Cases Per 10,000 Residents",268
27409,"Cases Per 10,000 Residents",331
27408,"Cases Per 10,000 Residents",272
27407,"Cases Per 10,000 Residents",380
27406,"Cases Per 10,000 Residents",364
27405,"Cases Per 10,000 Residents",396
27403,"Cases Per 10,000 Residents",283
27401,"Cases Per 10,000 Residents",384
27379,"Cases Per 10,000 Residents",320
27377,"Cases Per 10,000 Residents",381
27376,"Cases Per 10,000 Residents",300
27371,"Cases Per 10,000 Residents",487
27370,"Cases Per 10,000 Residents",437
27360,"Cases Per 10,000 Residents",424
27358,"Cases Per 10,000 Residents",308
27357,"Cases Per 10,000 Residents",429
27356,"Cases Per 10,000 Residents",401
27355,"Cases Per 10,000 Residents",288
27350,"Cases Per 10,000 Residents",330
27349,"Cases Per 10,000 Residents",340
27344,"Cases Per 10,000 Residents",652
27343,"Cases Per 10,000 Residents",228
27341,"Cases Per 10,000 Residents",332
27340,"Cases Per 10,000 Residents",0
27332,"Cases Per 10,000 Residents",391
27330,"Cases Per 10,000 Residents",457
27326,"Cases Per 10,000 Residents",330
27325,"Cases Per 10,000 Residents",470
27320,"Cases Per 10,000 Residents",326
27317,"Cases Per 10,000 Residents",406
27316,"Cases Per 10,000 Residents",524
27315,"Cases Per 10,000 Residents",196
27314,"Cases Per 10,000 Residents",211
27313,"Cases Per 10,000 Residents",309
27312,"Cases Per 10,000 Residents",199
27311,"Cases Per 10,000 Residents",342
27310,"Cases Per 10,000 Residents",314
27306,"Cases Per 10,000 Residents",491
27305,"Cases Per 10,000 Residents",379
27302,"Cases Per 10,000 Residents",331
27301,"Cases Per 10,000 Residents",380
27299,"Cases Per 10,000 Residents",463
27298,"Cases Per 10,000 Residents",324
27295,"Cases Per 10,000 Residents",390
27292,"Cases Per 10,000 Residents",362
27291,"Cases Per 10,000 Residents",351
27288,"Cases Per 10,000 Residents",409
27284,"Cases Per 10,000 Residents",373
27283,"Cases Per 10,000 Residents",345
27282,"Cases Per 10,000 Residents",336
27281,"Cases Per 10,000 Residents",326
27278,"Cases Per 10,000 Residents",283
27268,"Cases Per 10,000 Residents",1333
27265,"Cases Per 10,000 Residents",332
27263,"Cases Per 10,000 Residents",426
27262,"Cases Per 10,000 Residents",363
27260,"Cases Per 10,000 Residents",388
27258,"Cases Per 10,000 Residents",370
27253,"Cases Per 10,000 Residents",512
27252,"Cases Per 10,000 Residents",163
27249,"Cases Per 10,000 Residents",349
27248,"Cases Per 10,000 Residents",352
27244,"Cases Per 10,000 Residents",575
27243,"Cases Per 10,000 Residents",281
27242,"Cases Per 10,000 Residents",296
27239,"Cases Per 10,000 Residents",302
27235,"Cases Per 10,000 Residents",380
27233,"Cases Per 10,000 Residents",252
27231,"Cases Per 10,000 Residents",234
27229,"Cases Per 10,000 Residents",710
27217,"Cases Per 10,000 Residents",684
27215,"Cases Per 10,000 Residents",435
27214,"Cases Per 10,000 Residents",351
27212,"Cases Per 10,000 Residents",1538
27209,"Cases Per 10,000 Residents",976
27208,"Cases Per 10,000 Residents",408
27207,"Cases Per 10,000 Residents",389
27205,"Cases Per 10,000 Residents",462
27203,"Cases Per 10,000 Residents",612
27157,"Cases Per 10,000 Residents",0
27127,"Cases Per 10,000 Residents",452
27107,"Cases Per 10,000 Residents",458
27106,"Cases Per 10,000 Residents",385
27105,"Cases Per 10,000 Residents",513
27104,"Cases Per 10,000 Residents",393
27103,"Cases Per 10,000 Residents",390
27101,"Cases Per 10,000 Residents",328
27055,"Cases Per 10,000 Residents",583
27054,"Cases Per 10,000 Residents",387
27053,"Cases Per 10,000 Residents",187
27052,"Cases Per 10,000 Residents",325
27051,"Cases Per 10,000 Residents",322
27050,"Cases Per 10,000 Residents",333
27048,"Cases Per 10,000 Residents",417
27047,"Cases Per 10,000 Residents",446
27046,"Cases Per 10,000 Residents",358
27045,"Cases Per 10,000 Residents",466
27043,"Cases Per 10,000 Residents",346
27042,"Cases Per 10,000 Residents",556
27041,"Cases Per 10,000 Residents",328
27040,"Cases Per 10,000 Residents",325
27030,"Cases Per 10,000 Residents",456
27028,"Cases Per 10,000 Residents",384
27027,"Cases Per 10,000 Residents",461
27025,"Cases Per 10,000 Residents",524
27024,"Cases Per 10,000 Residents",380
27023,"Cases Per 10,000 Residents",359
27022,"Cases Per 10,000 Residents",251
27021,"Cases Per 10,000 Residents",314
27020,"Cases Per 10,000 Residents",493
27019,"Cases Per 10,000 Residents",309
27018,"Cases Per 10,000 Residents",387
27017,"Cases Per 10,000 Residents",523
27016,"Cases Per 10,000 Residents",345
27014,"Cases Per 10,000 Residents",282
27013,"Cases Per 10,000 Residents",329
27012,"Cases Per 10,000 Residents",390
27011,"Cases Per 10,000 Residents",451
27009,"Cases Per 10,000 Residents",289
27007,"Cases Per 10,000 Residents",370
27006,"Cases Per 10,000 Residents",301
28909,Cases,25
28906,Cases,648
28905,Cases,94
28904,Cases,253
28902,Cases,45
28901,Cases,253
28806,Cases,1315
28805,Cases,412
28804,Cases,540
28803,Cases,807
28801,Cases,357
28792,Cases,1402
28791,Cases,498
28790,Cases,93
28789,Cases,156
28787,Cases,530
28786,Cases,484
28785,Cases,150
28783,Cases,48
28782,Cases,130
28781,Cases,15
28779,Cases,565
28778,Cases,234
28777,Cases,880
28775,Cases,0
28774,Cases,34
28773,Cases,85
28772,Cases,29
28771,Cases,299
28768,Cases,155
28766,Cases,26
28763,Cases,53
28762,Cases,281
28761,Cases,473
28759,Cases,195
28757,Cases,0
28756,Cases,121
28754,Cases,301
28753,Cases,289
28752,Cases,1623
28751,Cases,109
28749,Cases,0
28748,Cases,265
28747,Cases,33
28746,Cases,82
28745,Cases,20
28743,Cases,51
28742,Cases,70
28741,Cases,120
28740,Cases,90
28739,Cases,450
28736,Cases,25
28735,Cases,0
28734,Cases,814
28733,Cases,0
28732,Cases,440
28731,Cases,352
28730,Cases,152
28729,Cases,57
28726,Cases,139
28725,Cases,0
28723,Cases,561
28722,Cases,216
28721,Cases,250
28720,Cases,0
28719,Cases,429
28718,Cases,8
28717,Cases,76
28716,Cases,528
28715,Cases,691
28714,Cases,689
28713,Cases,190
28712,Cases,391
28711,Cases,364
28709,Cases,44
28708,Cases,14
28705,Cases,180
28704,Cases,679
28702,Cases,3
28701,Cases,91
28698,Cases,72
28697,Cases,719
28694,Cases,297
28693,Cases,50
28692,Cases,129
28690,Cases,432
28689,Cases,83
28685,Cases,53
28684,Cases,39
28683,Cases,57
28682,Cases,32
28681,Cases,1453
28679,Cases,48
28678,Cases,169
28677,Cases,1622
28676,Cases,125
28675,Cases,316
28673,Cases,240
28672,Cases,0
28670,Cases,104
28669,Cases,106
28668,Cases,0
28667,Cases,0
28665,Cases,95
28663,Cases,10
28660,Cases,88
28659,Cases,1118
28658,Cases,1539
28657,Cases,469
28655,Cases,3050
28654,Cases,164
28651,Cases,247
28650,Cases,631
28649,Cases,34
28646,Cases,0
28645,Cases,2368
28644,Cases,37
28643,Cases,104
28642,Cases,262
28640,Cases,227
28638,Cases,668
28637,Cases,147
28636,Cases,259
28635,Cases,153
28634,Cases,183
28631,Cases,49
28630,Cases,1096
28629,Cases,0
28627,Cases,23
28626,Cases,53
28625,Cases,1672
28624,Cases,73
28623,Cases,77
28622,Cases,129
28621,Cases,560
28618,Cases,70
28617,Cases,102
28615,Cases,42
28613,Cases,1489
28612,Cases,682
28611,Cases,43
28610,Cases,504
28609,Cases,235
28608,Cases,0
28607,Cases,1481
28606,Cases,80
28605,Cases,101
28604,Cases,179
28602,Cases,1545
28601,Cases,2884
28594,Cases,157
28590,Cases,1231
28587,Cases,0
28586,Cases,576
28585,Cases,106
28584,Cases,359
28583,Cases,0
28582,Cases,30
28581,Cases,0
28580,Cases,637
28579,Cases,14
28578,Cases,405
28577,Cases,5
28574,Cases,718
28573,Cases,113
28572,Cases,299
28571,Cases,46
28570,Cases,730
28562,Cases,1366
28561,Cases,0
28560,Cases,1105
28557,Cases,465
28556,Cases,17
28555,Cases,135
28553,Cases,6
28552,Cases,0
28551,Cases,648
28547,Cases,610
28546,Cases,1711
28545,Cases,72
28544,Cases,189
28543,Cases,128
28542,Cases,219
28540,Cases,1708
28539,Cases,456
28538,Cases,150
28537,Cases,0
28533,Cases,0
28532,Cases,588
28531,Cases,41
28530,Cases,328
28529,Cases,137
28528,Cases,11
28527,Cases,41
28526,Cases,81
28525,Cases,136
28524,Cases,0
28523,Cases,90
28521,Cases,112
28520,Cases,0
28519,Cases,0
28518,Cases,394
28516,Cases,334
28515,Cases,169
28513,Cases,457
28512,Cases,90
28511,Cases,9
28510,Cases,36
28508,Cases,183
28504,Cases,1070
28501,Cases,676
28480,Cases,147
28479,Cases,201
28478,Cases,176
28472,Cases,883
28470,Cases,419
28469,Cases,208
28468,Cases,112
28467,Cases,403
28466,Cases,595
28465,Cases,140
28464,Cases,154
28463,Cases,951
28462,Cases,337
28461,Cases,327
28460,Cases,412
28458,Cases,424
28457,Cases,384
28456,Cases,172
28455,Cases,75
28454,Cases,90
28453,Cases,383
28452,Cases,29
28451,Cases,1007
28450,Cases,102
28449,Cases,34
28448,Cases,34
28447,Cases,90
28445,Cases,289
28444,Cases,131
28443,Cases,692
28442,Cases,74
28441,Cases,187
28439,Cases,66
28438,Cases,67
28436,Cases,75
28435,Cases,100
28434,Cases,30
28433,Cases,166
28432,Cases,97
28431,Cases,306
28430,Cases,75
28429,Cases,228
28428,Cases,192
28425,Cases,648
28423,Cases,96
28422,Cases,183
28421,Cases,49
28420,Cases,137
28412,Cases,1220
28411,Cases,1104
28409,Cases,993
28405,Cases,1220
28403,Cases,1856
28401,Cases,956
28399,Cases,95
28398,Cases,572
28396,Cases,115
28395,Cases,73
28394,Cases,152
28393,Cases,146
28392,Cases,85
28391,Cases,150
28390,Cases,624
28387,Cases,651
28386,Cases,500
28385,Cases,166
28384,Cases,742
28383,Cases,445
28382,Cases,288
28379,Cases,1152
28377,Cases,843
28376,Cases,1867
28375,Cases,0
28374,Cases,578
28373,Cases,85
28372,Cases,999
28371,Cases,245
28369,Cases,108
28366,Cases,356
28365,Cases,1049
28364,Cases,780
28363,Cases,64
28360,Cases,953
28358,Cases,2243
28357,Cases,122
28356,Cases,157
28352,Cases,1711
28351,Cases,209
28350,Cases,0
28349,Cases,235
28348,Cases,1248
28347,Cases,155
28345,Cases,637
28344,Cases,195
28343,Cases,84
28341,Cases,341
28340,Cases,639
28339,Cases,313
28338,Cases,185
28337,Cases,506
28334,Cases,1373
28333,Cases,728
28328,Cases,2058
28327,Cases,645
28326,Cases,638
28323,Cases,166
28320,Cases,320
28318,Cases,180
28315,Cases,541
28314,Cases,1825
28312,Cases,605
28311,Cases,1135
28310,Cases,485
28308,Cases,3
28307,Cases,336
28306,Cases,1353
28305,Cases,162
28304,Cases,1159
28303,Cases,885
28301,Cases,759
28278,Cases,1295
28277,Cases,2093
28273,Cases,2218
28270,Cases,927
28269,Cases,3233
28262,Cases,1812
28253,Cases,0
28227,Cases,2837
28226,Cases,1458
28223,Cases,15
28217,Cases,1997
28216,Cases,2737
28215,Cases,3379
28214,Cases,2207
28213,Cases,2699
28212,Cases,2546
28211,Cases,1160
28210,Cases,2136
28209,Cases,1113
28208,Cases,2057
28207,Cases,366
28206,Cases,693
28205,Cases,2544
28204,Cases,533
28203,Cases,1073
28202,Cases,989
28174,Cases,591
28173,Cases,2093
28170,Cases,504
28168,Cases,545
28167,Cases,93
28166,Cases,354
28164,Cases,741
28163,Cases,183
28160,Cases,199
28159,Cases,143
28152,Cases,1209
28150,Cases,1632
28147,Cases,1760
28146,Cases,1261
28144,Cases,1233
28139,Cases,952
28138,Cases,475
28137,Cases,146
28135,Cases,261
28134,Cases,591
28133,Cases,107
28129,Cases,231
28128,Cases,362
28127,Cases,665
28125,Cases,108
28124,Cases,244
28120,Cases,1118
28119,Cases,112
28117,Cases,1556
28115,Cases,1351
28114,Cases,323
28112,Cases,1294
28110,Cases,2586
28107,Cases,314
28105,Cases,1700
28104,Cases,1109
28103,Cases,433
28101,Cases,0
28098,Cases,184
28097,Cases,300
28092,Cases,2117
28091,Cases,72
28090,Cases,337
28088,Cases,130
28086,Cases,1428
28083,Cases,1128
28081,Cases,1182
28080,Cases,324
28079,Cases,1403
28078,Cases,2276
28077,Cases,20
28075,Cases,727
28073,Cases,225
28071,Cases,138
28056,Cases,1736
28054,Cases,2143
28052,Cases,2055
28043,Cases,1091
28040,Cases,285
28039,Cases,0
28037,Cases,927
28036,Cases,652
28034,Cases,1256
28033,Cases,199
28032,Cases,152
28031,Cases,1179
28027,Cases,2835
28025,Cases,2253
28023,Cases,606
28021,Cases,719
28020,Cases,114
28018,Cases,237
28016,Cases,656
28012,Cases,1238
28006,Cases,59
28001,Cases,1540
27986,Cases,76
27983,Cases,543
27982,Cases,0
27981,Cases,45
27980,Cases,112
27979,Cases,22
27978,Cases,0
27976,Cases,85
27974,Cases,25
27973,Cases,30
27972,Cases,0
27970,Cases,95
27969,Cases,0
27968,Cases,0
27966,Cases,19
27965,Cases,5
27964,Cases,10
27962,Cases,204
27960,Cases,8
27959,Cases,60
27958,Cases,219
27957,Cases,64
27956,Cases,0
27954,Cases,178
27953,Cases,17
27950,Cases,13
27949,Cases,144
27948,Cases,248
27947,Cases,12
27946,Cases,30
27944,Cases,347
27943,Cases,0
27942,Cases,31
27941,Cases,10
27939,Cases,27
27938,Cases,61
27937,Cases,88
27936,Cases,15
27935,Cases,42
27932,Cases,602
27929,Cases,29
27928,Cases,63
27927,Cases,10
27926,Cases,38
27925,Cases,157
27924,Cases,137
27923,Cases,8
27922,Cases,42
27921,Cases,105
27920,Cases,47
27919,Cases,37
27917,Cases,67
27916,Cases,8
27915,Cases,15
27910,Cases,698
27909,Cases,1249
27897,Cases,76
27896,Cases,1045
27893,Cases,2390
27892,Cases,616
27891,Cases,211
27890,Cases,96
27889,Cases,1328
27888,Cases,146
27886,Cases,1260
27885,Cases,102
27884,Cases,65
27883,Cases,171
27882,Cases,457
27881,Cases,0
27880,Cases,205
27876,Cases,61
27875,Cases,8
27874,Cases,212
27872,Cases,0
27871,Cases,161
27870,Cases,1208
27869,Cases,149
27866,Cases,33
27865,Cases,56
27864,Cases,299
27863,Cases,557
27862,Cases,19
27860,Cases,82
27858,Cases,3030
27857,Cases,70
27856,Cases,895
27855,Cases,233
27853,Cases,0
27852,Cases,120
27851,Cases,260
27850,Cases,150
27849,Cases,63
27847,Cases,39
27846,Cases,126
27845,Cases,129
27844,Cases,142
27843,Cases,64
27842,Cases,28
27841,Cases,0
27840,Cases,37
27839,Cases,94
27837,Cases,246
27834,Cases,3007
27832,Cases,155
27831,Cases,141
27830,Cases,187
27829,Cases,87
27828,Cases,356
27827,Cases,0
27826,Cases,42
27824,Cases,33
27823,Cases,309
27822,Cases,438
27821,Cases,0
27820,Cases,87
27818,Cases,60
27817,Cases,294
27816,Cases,104
27814,Cases,48
27813,Cases,21
27812,Cases,159
27810,Cases,114
27809,Cases,250
27808,Cases,72
27807,Cases,425
27806,Cases,56
27805,Cases,135
27804,Cases,1603
27803,Cases,932
27801,Cases,945
27713,Cases,1442
27712,Cases,692
27711,Cases,0
27710,Cases,0
27709,Cases,0
27708,Cases,27
27707,Cases,1790
27706,Cases,0
27705,Cases,1859
27704,Cases,2303
27703,Cases,2797
27701,Cases,1122
27617,Cases,532
27616,Cases,2290
27615,Cases,1369
27614,Cases,967
27613,Cases,1123
27612,Cases,1177
27610,Cases,3871
27609,Cases,1310
27608,Cases,365
27607,Cases,1005
27606,Cases,1400
27605,Cases,197
27604,Cases,2046
27603,Cases,2009
27601,Cases,348
27599,Cases,0
27597,Cases,1066
27596,Cases,563
27592,Cases,531
27591,Cases,999
27589,Cases,309
27587,Cases,2388
27583,Cases,263
27581,Cases,130
27577,Cases,1435
27576,Cases,1013
27574,Cases,395
27573,Cases,374
27572,Cases,180
27571,Cases,221
27569,Cases,463
27565,Cases,1171
27563,Cases,178
27562,Cases,71
27560,Cases,727
27559,Cases,58
27557,Cases,359
27556,Cases,0
27553,Cases,314
27551,Cases,49
27549,Cases,954
27546,Cases,944
27545,Cases,1252
27544,Cases,126
27542,Cases,378
27541,Cases,117
27540,Cases,969
27539,Cases,615
27537,Cases,1135
27536,Cases,816
27534,Cases,1493
27531,Cases,5
27530,Cases,1670
27529,Cases,1942
27527,Cases,941
27526,Cases,1509
27525,Cases,564
27524,Cases,676
27523,Cases,261
27522,Cases,505
27521,Cases,307
27520,Cases,1840
27519,Cases,983
27518,Cases,428
27517,Cases,620
27516,Cases,1135
27514,Cases,943
27513,Cases,874
27511,Cases,838
27510,Cases,438
27509,Cases,1030
27508,Cases,84
27507,Cases,67
27505,Cases,271
27504,Cases,817
27503,Cases,72
27502,Cases,840
27501,Cases,787
27498,Cases,0
27455,Cases,964
27412,Cases,16
27411,Cases,30
27410,Cases,1527
27409,Cases,594
27408,Cases,474
27407,Cases,1895
27406,Cases,2210
27405,Cases,2077
27403,Cases,603
27401,Cases,777
27379,Cases,194
27377,Cases,366
27376,Cases,297
27371,Cases,379
27370,Cases,639
27360,Cases,2050
27358,Cases,491
27357,Cases,357
27356,Cases,141
27355,Cases,92
27350,Cases,248
27349,Cases,199
27344,Cases,1257
27343,Cases,42
27341,Cases,193
27340,Cases,0
27332,Cases,1312
27330,Cases,1807
27326,Cases,122
27325,Cases,361
27320,Cases,1266
27317,Cases,725
27316,Cases,375
27315,Cases,42
27314,Cases,24
27313,Cases,225
27312,Cases,442
27311,Cases,110
27310,Cases,269
27306,Cases,292
27305,Cases,60
27302,Cases,1070
27301,Cases,381
27299,Cases,243
27298,Cases,338
27295,Cases,1529
27292,Cases,1502
27291,Cases,54
27288,Cases,964
27284,Cases,2097
27283,Cases,103
27282,Cases,557
27281,Cases,121
27278,Cases,770
27268,Cases,226
27265,Cases,1661
27263,Cases,950
27262,Cases,900
27260,Cases,998
27258,Cases,286
27253,Cases,1612
27252,Cases,37
27249,Cases,466
27248,Cases,170
27244,Cases,935
27243,Cases,131
27242,Cases,79
27239,Cases,291
27235,Cases,174
27233,Cases,92
27231,Cases,48
27229,Cases,285
27217,Cases,2675
27215,Cases,1955
27214,Cases,412
27212,Cases,246
27209,Cases,405
27208,Cases,69
27207,Cases,148
27205,Cases,1596
27203,Cases,1339
27157,Cases,0
27127,Cases,1739
27107,Cases,2402
27106,Cases,1980
27105,Cases,2063
27104,Cases,1156
27103,Cases,1406
27101,Cases,798
27055,Cases,847
27054,Cases,101
27053,Cases,59
27052,Cases,327
27051,Cases,267
27050,Cases,136
27048,Cases,371
27047,Cases,57
27046,Cases,70
27045,Cases,447
27043,Cases,223
27042,Cases,40
27041,Cases,263
27040,Cases,427
27030,Cases,1715
27028,Cases,1078
27027,Cases,185
27025,Cases,582
27024,Cases,102
27023,Cases,459
27022,Cases,38
27021,Cases,565
27020,Cases,301
27019,Cases,131
27018,Cases,318
27017,Cases,497
27016,Cases,58
27014,Cases,27
27013,Cases,214
27012,Cases,1128
27011,Cases,244
27009,Cases,85
27007,Cases,79
27006,Cases,447
